No.,Charge Account,plate_no,business_unit_id,model,year,maker_id,vehicle_category_id,vehicle_group_id,status,vehicle_power_type_id
1,26-0104,ZSW 786,MIESCOR - PM of Company Vehicle,TOYOTA INNOVA,2008,TOYOTA,AUV,MEDIUM,Operational,Diesel
2,26-0104,AAK 3191,MIESCOR - PM of Company Vehicle,TOYOTA INNOVA,2025,TOYOTA,AUV,MEDIUM,Operational,Diesel
3,26-0104,ZSW 830,MIESCOR - PM of Company Vehicle,TOYOTA INNOVA,2008,TOYOTA,AUV,MEDIUM,Operational,Diesel
4,26-0104,NRO 298,MIESCOR - PM of Company Vehicle,TOYOTA INNOVA,2009,TOYOTA,AUV,MEDIUM,Operational,Diesel
5,26-0104,NER 2131,MIESCOR - PM of Company Vehicle,SUZUKI APV,,SUZUKI,AUV,MEDIUM,Operational,Gasoline
6,26-0104,NER 2137,MIESCOR - PM of Company Vehicle,SUZUKI CARRY,,SUZUKI,AUV,MEDIUM,Operational,Gasoline
7,26-0104,NEM 5636,MIESCOR - PM of Company Vehicle,SUZUKI CARRY,2022,SUZUKI,AUV,MEDIUM,Operational,Gasoline
8,26-0104,NER 2136,MIESCOR - PM of Company Vehicle,SUZUKI APV,,SUZUKI,AUV,MEDIUM,Operational,Gasoline
9,26-0104,NER 2135,MIESCOR - PM of Company Vehicle,SUZUKI CARRY,,SUZUKI,AUV,MEDIUM,Operational,Gasoline
10,26-0104,NEM 5630,MIESCOR - PM of Company Vehicle,SUZUKI CARRY,,SUZUKI,AUV,MEDIUM,Operational,Gasoline
11,26-0104,NEM 5632,MIESCOR - PM of Company Vehicle,SUZUKI CARRY,,SUZUKI,AUV,MEDIUM,Operational,Gasoline
12,26-0104,NEM 5633,MIESCOR - PM of Company Vehicle,SUZUKI CARRY,,SUZUKI,AUV,MEDIUM,Operational,Gasoline
13,26-0104,NEM 5637,MIESCOR - PM of Company Vehicle,SUZUKI CARRY,2022,SUZUKI,AUV,MEDIUM,Operational,Gasoline
14,26-0104,NEM 5639,MIESCOR - PM of Company Vehicle,SUZUKI CARRY,,SUZUKI,AUV,MEDIUM,Operational,Gasoline
15,26-0104,NEM 5641,MIESCOR - PM of Company Vehicle,SUZUKI APV,,SUZUKI,AUV,MEDIUM,Operational,Gasoline
16,26-0104,NET 4369,MIESCOR - PM of Company Vehicle,SUZUKI CARRY,,SUZUKI,AUV,MEDIUM,Operational,Gasoline
17,26-0104,NET 4365,MIESCOR - PM of Company Vehicle,SUZUKI CARRY,2022,SUZUKI,AUV,MEDIUM,Operational,Gasoline
18,26-0104,NEW 8895,MIESCOR - PM of Company Vehicle,SUZUKI CARRY,,SUZUKI,AUV,MEDIUM,Operational,Gasoline
19,26-0104,ZAR 742,MIESCOR - PM of Company Vehicle,TOYOTA VIOS,2005,TOYOTA,SEDAN,LIGHT,Operational,Gasoline
20,26-0104,ZBE 604,MIESCOR - PM of Company Vehicle,TOYOTA VIOS,2005,TOYOTA,SEDAN,LIGHT,Operational,Gasoline
21,26-0104,AAJ 8189,MIESCOR - PM of Company Vehicle,TOYOTA INNOVA,2014,TOYOTA,AUV,MEDIUM,Operational,Diesel
22,26-0104,NDO 8151,MIESCOR - PM of Company Vehicle,TOYOTA HI-ACE COMMUTER,,TOYOTA,VAN,MEDIUM,Operational,Diesel
23,26-0104,ACA 3810,MIESCOR - PM of Company Vehicle,TOYOTA HI-ACE COMMUTER,2020,MITSUBISHI,VAN,MEDIUM,Operational,Diesel
24,26-0104,DBS 3808,MIESCOR - PM of Company Vehicle,MITSUBISHI L300,2014,TOYOTA,VAN,MEDIUM,Operational,Diesel
25,26-0104,APA 8184,MIESCOR - PM of Company Vehicle,CHEVROLET TRAILBLAZER,2014,CHEVROLET,SUV,MEDIUM,Operational,Diesel
26,26-0104,ARA 7216,MIESCOR - PM of Company Vehicle,TOYOTA INNOVA,2015,TOYOTA,AUV,MEDIUM,Operational,Diesel
27,26-0104,AHA 5262,MIESCOR - PM of Company Vehicle,TOYOTA AVANZA,2015,TOYOTA,AUV,MEDIUM,Operational,Gasoline
28,26-0104,AHA 5263,MIESCOR - PM of Company Vehicle,TOYOTA AVANZA,2015,TOYOTA,AUV,MEDIUM,Operational,Gasoline
29,26-0104,AVA 1699,MIESCOR - PM of Company Vehicle,TOYOTA AVANZA,2015,TOYOTA,AUV,MEDIUM,Operational,Gasoline
30,26-0104,AVA 3315,MIESCOR - PM of Company Vehicle,TOYOTA AVANZA,2015,TOYOTA,AUV,MEDIUM,Operational,Gasoline
31,26-0104,AVA 3115,MIESCOR - PM of Company Vehicle,TOYOTA AVANZA,2015,TOYOTA,AUV,MEDIUM,Operational,Gasoline
32,26-0104,NDS 2363,MIESCOR - PM of Company Vehicle,MITSUBISHI MONTERO,2016,MITSUBISHI,SUV,MEDIUM,Operational,Diesel
33,26-0104,NDB 8951,MIESCOR - PM of Company Vehicle,TOYOTA FORTUNER,2016,TOYOTA,SUV,MEDIUM,Operational,Diesel
34,26-0104,NFD 6224,MIESCOR - PM of Company Vehicle,SUZUKI CARRY,,SUZUKI,AUV,MEDIUM,Operational,Gasoline
35,26-0104,NFD 6225,MIESCOR - PM of Company Vehicle,SUZUKI CARRY,,SUZUKI,AUV,MEDIUM,Operational,Gasoline
36,26-0104,NFD 6237,MIESCOR - PM of Company Vehicle,SUZUKI CARRY,,SUZUKI,AUV,MEDIUM,Operational,Gasoline
37,26-0104,NFD 6238,MIESCOR - PM of Company Vehicle,SUZUKI CARRY,,SUZUKI,AUV,MEDIUM,Operational,Gasoline
38,26-0104,NFX 6129,MIESCOR - PM of Company Vehicle,MITSUBISHI MIRAGE G4,2020,MITSUBISHI,SEDAN,LIGHT,Operational,Gasoline
39,26-0104,NFX 6130,MIESCOR - PM of Company Vehicle,MITSUBISHI MIRAGE G4,2020,MITSUBISHI,SEDAN,LIGHT,Operational,Gasoline
40,26-0104,NFX 6131,MIESCOR - PM of Company Vehicle,MITSUBISHI MIRAGE G4,2020,MITSUBISHI,SEDAN,LIGHT,Operational,Gasoline
41,26-0104,NFX 6133,MIESCOR - PM of Company Vehicle,MITSUBISHI MIRAGE G4,2020,MITSUBISHI,SEDAN,LIGHT,Operational,Gasoline
42,26-0104,NFX 7317,MIESCOR - PM of Company Vehicle,MITSUBISHI MIRAGE G4,2020,MITSUBISHI,SEDAN,LIGHT,Operational,Gasoline
43,26-0104,NFX 7318,MIESCOR - PM of Company Vehicle,MITSUBISHI MIRAGE G4,2020,MITSUBISHI,SEDAN,LIGHT,Operational,Gasoline
44,26-0104,NFX 7319,MIESCOR - PM of Company Vehicle,MITSUBISHI MIRAGE G4,2020,MITSUBISHI,SEDAN,LIGHT,Operational,Gasoline
45,26-0104,NFX 7320,MIESCOR - PM of Company Vehicle,MITSUBISHI MIRAGE G4,2020,MITSUBISHI,SEDAN,LIGHT,Operational,Gasoline
46,26-0104,NFX 7321,MIESCOR - PM of Company Vehicle,MITSUBISHI MIRAGE G4,2020,MITSUBISHI,SEDAN,LIGHT,Operational,Gasoline
47,26-0104,NFX 7322,MIESCOR - PM of Company Vehicle,MITSUBISHI MIRAGE G4,2020,MITSUBISHI,SEDAN,LIGHT,Operational,Gasoline
48,26-0104,NFX 7323,MIESCOR - PM of Company Vehicle,MITSUBISHI MIRAGE G4,2020,MITSUBISHI,SEDAN,LIGHT,Operational,Gasoline
49,26-0104,NFX 7324,MIESCOR - PM of Company Vehicle,MITSUBISHI MIRAGE G4,2020,MITSUBISHI,SEDAN,LIGHT,Operational,Gasoline
50,26-0104,NGO 8124,MIESCOR - PM of Company Vehicle,MITSUBISHI MIRAGE G4,2020,MITSUBISHI,SEDAN,LIGHT,Operational,Gasoline
51,26-0104,NGO 8137,MIESCOR - PM of Company Vehicle,MITSUBISHI MIRAGE G4,2020,MITSUBISHI,SEDAN,LIGHT,Operational,Gasoline
52,26-0104,NGO 8134,MIESCOR - PM of Company Vehicle,MITSUBISHI MIRAGE G4,2020,MITSUBISHI,SEDAN,LIGHT,Operational,Gasoline
53,26-0104,NGO 8125,MIESCOR - PM of Company Vehicle,MITSUBISHI MIRAGE G4,2020,MITSUBISHI,SEDAN,LIGHT,Operational,Gasoline
54,26-0104,NGO 8130,MIESCOR - PM of Company Vehicle,MITSUBISHI MIRAGE G4,2020,MITSUBISHI,SEDAN,LIGHT,Operational,Gasoline
55,26-0104,NGO 8131,MIESCOR - PM of Company Vehicle,MITSUBISHI MIRAGE G4,2020,MITSUBISHI,SEDAN,LIGHT,Operational,Gasoline
56,26-0104,NFN 8132,MIESCOR - PM of Company Vehicle,MITSUBISHI MIRAGE G4,,MITSUBISHI,SEDAN,LIGHT,Operational,Gasoline
57,26-0104,NGO 8136,MIESCOR - PM of Company Vehicle,MITSUBISHI MIRAGE G4,2020,MITSUBISHI,SEDAN,LIGHT,Operational,Gasoline
58,26-0104,NGO 8135,MIESCOR - PM of Company Vehicle,MITSUBISHI MIRAGE G4,2020,MITSUBISHI,SEDAN,LIGHT,Operational,Gasoline
59,26-0104,NGO 8129,MIESCOR - PM of Company Vehicle,MITSUBISHI MIRAGE G4,2020,MITSUBISHI,SEDAN,LIGHT,Operational,Gasoline
60,26-0104,NGU 4879,MIESCOR - PM of Company Vehicle,SUZUKI CARRY,2021,SUZUKI,AUV,MEDIUM,Operational,Gasoline
61,26-0104,NGU 1043,MIESCOR - PM of Company Vehicle,SUZUKI APV,,SUZUKI,AUV,MEDIUM,Operational,Gasoline
62,26-0104,NGU 1041,MIESCOR - PM of Company Vehicle,SUZUKI APV,,SUZUKI,AUV,MEDIUM,Operational,Gasoline
63,26-0104,NGU 1046,MIESCOR - PM of Company Vehicle,SUZUKI APV,2021,SUZUKI,AUV,MEDIUM,Operational,Gasoline
64,26-0104,NGU 3854,MIESCOR - PM of Company Vehicle,SUZUKI APV,2021,SUZUKI,AUV,MEDIUM,Operational,Gasoline
65,26-0104,NGU 1040,MIESCOR - PM of Company Vehicle,SUZUKI APV,,SUZUKI,AUV,MEDIUM,Operational,Gasoline
66,26-0104,NGU 1030,MIESCOR - PM of Company Vehicle,SUZUKI APV,2021,SUZUKI,AUV,MEDIUM,Operational,Gasoline
67,26-0104,NGU 1042,MIESCOR - PM of Company Vehicle,SUZUKI APV,,SUZUKI,AUV,MEDIUM,Operational,Gasoline
68,26-0104,NGU 1045,MIESCOR - PM of Company Vehicle,SUZUKI APV,2021,SUZUKI,AUV,MEDIUM,Operational,Gasoline
69,26-0104,NGU 1038,MIESCOR - PM of Company Vehicle,SUZUKI APV,,SUZUKI,AUV,MEDIUM,Operational,Gasoline
70,26-0104,NGU 1044,MIESCOR - PM of Company Vehicle,SUZUKI APV,,SUZUKI,AUV,MEDIUM,Operational,Gasoline
71,26-0104,NGU 1031,MIESCOR - PM of Company Vehicle,SUZUKI APV,,SUZUKI,AUV,MEDIUM,Operational,Gasoline
72,26-0104,NGU 1036,MIESCOR - PM of Company Vehicle,SUZUKI APV,2021,SUZUKI,AUV,MEDIUM,Operational,Gasoline
73,26-0104,NGU 1035,MIESCOR - PM of Company Vehicle,SUZUKI APV,,SUZUKI,AUV,MEDIUM,Operational,Gasoline
74,26-0104,NGU 4877,MIESCOR - PM of Company Vehicle,SUZUKI APV,2021,SUZUKI,AUV,MEDIUM,Operational,Gasoline
75,26-0104,NGU 5830,MIESCOR - PM of Company Vehicle,SUZUKI APV,,SUZUKI,AUV,MEDIUM,Operational,Gasoline
76,26-0104,NGU 4870,MIESCOR - PM of Company Vehicle,SUZUKI APV,2021,SUZUKI,AUV,MEDIUM,Operational,Gasoline
77,26-0104,NGU 4874,MIESCOR - PM of Company Vehicle,SUZUKI APV,2021,SUZUKI,AUV,MEDIUM,Operational,Gasoline
78,26-0104,NGU 4891,MIESCOR - PM of Company Vehicle,SUZUKI APV,2021,SUZUKI,AUV,MEDIUM,Operational,Gasoline
79,26-0104,NGU 4872,MIESCOR - PM of Company Vehicle,SUZUKI APV,2021,SUZUKI,AUV,MEDIUM,Operational,Gasoline
80,26-0104,NGU 4873,MIESCOR - PM of Company Vehicle,SUZUKI APV,2021,SUZUKI,AUV,MEDIUM,Operational,Gasoline
81,26-0104,NGU 4871,MIESCOR - PM of Company Vehicle,SUZUKI APV,2021,SUZUKI,AUV,MEDIUM,Operational,Gasoline
82,26-0104,AAK 4838,MIESCOR - PM of Company Vehicle,MITSUBISHI L300,2014,MITSUBISHI,VAN,MEDIUM,Operational,Diesel
83,26-0104,NBQ 6617,MIESCOR - PM of Company Vehicle,TOYOTA INNOVA,2019,TOYOTA,AUV,MEDIUM,Operational,Diesel
84,26-0104,KBB 9855,MIESCOR - PM of Company Vehicle,MITSUBISHI STRADA,2015,MITSUBISHI,PICK UP,MEDIUM,Operational,Diesel
85,26-0104,DAS 6596,MIESCOR - PM of Company Vehicle,MITSUBISHI STRADA,2015,MITSUBISHI,PICK UP,MEDIUM,Operational,Diesel
86,26-0104,DAS 7729,MIESCOR - PM of Company Vehicle,MITSUBISHI STRADA,2015,MITSUBISHI,PICK UP,MEDIUM,Operational,Diesel
87,26-0104,KBY 9303,MIESCOR - PM of Company Vehicle,MITSUBISHI ADVENTURE,2015,MITSUBISHI,SUV,MEDIUM,Operational,Diesel
88,26-0104,NIG 5899,MIESCOR - PM of Company Vehicle,NISSAN URVAN,,NISSAN,VAN,MEDIUM,Operational,Diesel
89,26-0104,NGX 7578,MIESCOR - PM of Company Vehicle,MITSUBISHI L300,2022,MITSUBISHI,VAN,MEDIUM,Operational,Diesel
90,26-0104,NGX 7574,MIESCOR - PM of Company Vehicle,MITSUBISHI L300,2022,MITSUBISHI,VAN,MEDIUM,Operational,Diesel
91,26-0104,NGX 7575,MIESCOR - PM of Company Vehicle,MITSUBISHI L300,,MITSUBISHI,VAN,MEDIUM,Operational,Diesel
92,26-0104,NGX 7576,MIESCOR - PM of Company Vehicle,MITSUBISHI L300,,MITSUBISHI,VAN,MEDIUM,Operational,Diesel
93,26-0104,NGX 7580,MIESCOR - PM of Company Vehicle,MITSUBISHI L300,2022,MITSUBISHI,VAN,MEDIUM,Operational,Diesel
94,26-0104,NGX 7581,MIESCOR - PM of Company Vehicle,MITSUBISHI L300,2022,MITSUBISHI,VAN,MEDIUM,Operational,Diesel
95,26-0104,NGX 7582,MIESCOR - PM of Company Vehicle,MITSUBISHI L300,,MITSUBISHI,VAN,MEDIUM,Operational,Diesel
96,26-0104,NGX 7589,MIESCOR - PM of Company Vehicle,MITSUBISHI L300,,MITSUBISHI,VAN,MEDIUM,Operational,Diesel
97,26-0104,NGX 7577,MIESCOR - PM of Company Vehicle,MITSUBISHI L300,,MITSUBISHI,VAN,MEDIUM,Operational,Diesel
98,26-0104,DBS 2809,MIESCOR - PM of Company Vehicle,MITSUBISHI L-300,,MITSUBISHI,VAN,MEDIUM,Operational,Diesel
99,26-0104,PIK 806,MIESCOR - PM of Company Vehicle,MITSUBISHI CANTER,2013,MITSUBISHI,PICK UP,MEDIUM,Operational,Diesel
100,26-0104,NKM 3799,MIESCOR - PM of Company Vehicle,NISSAN PRO4X,2024,NISSAN,PICK UP,MEDIUM,Operational,Diesel
101,26-0104,DCA 6860,MIESCOR - PM of Company Vehicle,NISSAN PRO4X,2024,NISSAN,PICK UP,MEDIUM,Operational,Diesel
102,26-0104,DCA 6862,MIESCOR - PM of Company Vehicle,NISSAN PRO4X,2024,NISSAN,PICK UP,MEDIUM,Operational,Diesel
103,26-0104,DCA 6859,MIESCOR - PM of Company Vehicle,NISSAN PRO4X,2024,NISSAN,PICK UP,MEDIUM,Operational,Diesel
104,26-0104,DCA 6861,MIESCOR - PM of Company Vehicle,NISSAN PRO4X,2024,NISSAN,PICK UP,MEDIUM,Operational,Diesel
105,26-0104,DCA 6863,MIESCOR - PM of Company Vehicle,NISSAN PRO4X,2024,NISSAN,PICK UP,MEDIUM,Operational,Diesel
106,26-0104,NKM 3138,MIESCOR - PM of Company Vehicle,NISSAN PRO4X,2024,NISSAN,PICK UP,MEDIUM,Operational,Diesel
107,26-0104,NKM 2984,MIESCOR - PM of Company Vehicle,NISSAN PRO4X,2024,NISSAN,PICK UP,MEDIUM,Operational,Diesel
108,26-0104,NKN 4125,MIESCOR - PM of Company Vehicle,NISSAN PRO4X,2024,NISSAN,PICK UP,MEDIUM,Operational,Diesel
109,26-0104,DBT 7756,MIESCOR - PM of Company Vehicle,MITSUBISHI L-300,,MITSUBISHI,VAN,MEDIUM,Operational,Diesel
110,26-0104,AAK 4866,MIESCOR - PM of Company Vehicle,MITSUBISHI L300,2013,MITSUBISHI,VAN,MEDIUM,Operational,Diesel
111,26-0104,AAK 4836,MIESCOR - PM of Company Vehicle,MITSUBISHI L300,2014,MITSUBISHI,VAN,MEDIUM,Operational,Diesel
112,26-0104,AAP 1720,MIESCOR - PM of Company Vehicle,MITSUBISHI L300,2014,MITSUBISHI,VAN,MEDIUM,Operational,Diesel
113,26-0104,NEO 2192,MIESCOR - PM of Company Vehicle,MITSUBISHI L300,,MITSUBISHI,VAN,MEDIUM,Operational,Diesel
114,26-0104,NEO 2193,MIESCOR - PM of Company Vehicle,MITSUBISHI L300,,MITSUBISHI,VAN,MEDIUM,Operational,Diesel
115,26-0104,NEO 2194,MIESCOR - PM of Company Vehicle,MITSUBISHI L300,,MITSUBISHI,VAN,MEDIUM,Operational,Diesel
116,26-0104,NGM 1953,MIESCOR - PM of Company Vehicle,MITSUBISHI L300,,MITSUBISHI,VAN,MEDIUM,Operational,Diesel
117,26-0104,NGM 1954,MIESCOR - PM of Company Vehicle,MITSUBISHI L300,,MITSUBISHI,VAN,MEDIUM,Operational,Diesel
118,26-0104,NGM 1952,MIESCOR - PM of Company Vehicle,MITSUBISHI L300,,MITSUBISHI,VAN,MEDIUM,Operational,Diesel
119,26-0104,NGM 1955,MIESCOR - PM of Company Vehicle,MITSUBISHI L300,,MITSUBISHI,VAN,MEDIUM,Operational,Diesel
120,26-0104,NGM 1956,MIESCOR - PM of Company Vehicle,MITSUBISHI L300,,MITSUBISHI,VAN,MEDIUM,Operational,Diesel
121,26-0104,NGM 3536,MIESCOR - PM of Company Vehicle,MITSUBISHI L300,,MITSUBISHI,VAN,MEDIUM,Operational,Diesel
122,26-0104,NGM 3534,MIESCOR - PM of Company Vehicle,MITSUBISHI L300,,MITSUBISHI,VAN,MEDIUM,Operational,Diesel
123,26-0104,NGM 1945,MIESCOR - PM of Company Vehicle,MITSUBISHI L300,,MITSUBISHI,VAN,MEDIUM,Operational,Diesel
124,26-0104,NGM 1944,MIESCOR - PM of Company Vehicle,MITSUBISHI L300,,MITSUBISHI,VAN,MEDIUM,Operational,Diesel
125,26-0104,NGM 1943,MIESCOR - PM of Company Vehicle,MITSUBISHI L300,,MITSUBISHI,VAN,MEDIUM,Operational,Diesel
126,26-0104,NGM 1942,MIESCOR - PM of Company Vehicle,MITSUBISHI L300,,MITSUBISHI,VAN,MEDIUM,Operational,Diesel
127,26-0104,NGM 1946,MIESCOR - PM of Company Vehicle,MITSUBISHI L300,,MITSUBISHI,VAN,MEDIUM,Operational,Diesel
128,26-0104,NGM 1947,MIESCOR - PM of Company Vehicle,MITSUBISHI L300,,MITSUBISHI,VAN,MEDIUM,Operational,Diesel
129,26-0104,NGM 1948,MIESCOR - PM of Company Vehicle,MITSUBISHI L300,,MITSUBISHI,VAN,MEDIUM,Operational,Diesel
130,26-0104,NGM 1949,MIESCOR - PM of Company Vehicle,MITSUBISHI L300,,MITSUBISHI,VAN,MEDIUM,Operational,Diesel
131,26-0104,NGM 1957,MIESCOR - PM of Company Vehicle,MITSUBISHI L300,,MITSUBISHI,VAN,MEDIUM,Operational,Diesel
132,26-0104,NGM 1950,MIESCOR - PM of Company Vehicle,MITSUBISHI L300,,MITSUBISHI,VAN,MEDIUM,Operational,Diesel
133,26-0104,NGM 1941,MIESCOR - PM of Company Vehicle,MITSUBISHI L300,,MITSUBISHI,VAN,MEDIUM,Operational,Diesel
134,26-0104,NGM 1951,MIESCOR - PM of Company Vehicle,MITSUBISHI L300,,MITSUBISHI,VAN,MEDIUM,Operational,Diesel
135,26-0104,NGB 5269,MIESCOR - PM of Company Vehicle,MITSUBISHI L300,,MITSUBISHI,VAN,MEDIUM,Operational,Diesel
136,26-0104,NGB 5333,MIESCOR - PM of Company Vehicle,MITSUBISHI L300,,MITSUBISHI,VAN,MEDIUM,Operational,Diesel
137,26-0104,NGB 5334,MIESCOR - PM of Company Vehicle,MITSUBISHI L300,,MITSUBISHI,VAN,MEDIUM,Operational,Diesel
138,26-0104,NGB 5273,MIESCOR - PM of Company Vehicle,MITSUBISHI L300,,MITSUBISHI,VAN,MEDIUM,Operational,Diesel
139,26-0104,NGB 5336,MIESCOR - PM of Company Vehicle,MITSUBISHI L300,,MITSUBISHI,VAN,MEDIUM,Operational,Diesel
140,26-0104,NGB 7893,MIESCOR - PM of Company Vehicle,MITSUBISHI L300,,MITSUBISHI,VAN,MEDIUM,Operational,Diesel
141,26-0104,NGB 7895,MIESCOR - PM of Company Vehicle,MITSUBISHI L300,,MITSUBISHI,VAN,MEDIUM,Operational,Diesel
142,26-0104,NGB 7891,MIESCOR - PM of Company Vehicle,MITSUBISHI L300,,MITSUBISHI,VAN,MEDIUM,Operational,Diesel
143,26-0104,NGB 7892,MIESCOR - PM of Company Vehicle,MITSUBISHI L300,,MITSUBISHI,VAN,MEDIUM,Operational,Diesel
144,26-0104,NGB 5274,MIESCOR - PM of Company Vehicle,MITSUBISHI L300,,MITSUBISHI,VAN,MEDIUM,Operational,Diesel
145,26-0104,NGB 5272,MIESCOR - PM of Company Vehicle,MITSUBISHI L300,,MITSUBISHI,VAN,MEDIUM,Operational,Diesel
146,26-0104,DAT 1956,MIESCOR - PM of Company Vehicle,MITSUBISHI L300,,MITSUBISHI,VAN,MEDIUM,Operational,Diesel
147,26-0104,DAT 1953,MIESCOR - PM of Company Vehicle,MITSUBISHI L300,,MITSUBISHI,VAN,MEDIUM,Operational,Diesel
148,26-0104,DAT 1954,MIESCOR - PM of Company Vehicle,MITSUBISHI L300,,MITSUBISHI,VAN,MEDIUM,Operational,Diesel
149,26-0104,DAT 1955,MIESCOR - PM of Company Vehicle,MITSUBISHI L300,,MITSUBISHI,VAN,MEDIUM,Operational,Diesel
150,26-0104,DAT 1957,MIESCOR - PM of Company Vehicle,MITSUBISHI L300,,MITSUBISHI,VAN,MEDIUM,Operational,Diesel
151,26-0104,DAT 1949,MIESCOR - PM of Company Vehicle,MITSUBISHI L300,,MITSUBISHI,VAN,MEDIUM,Operational,Diesel
152,26-0104,DAT 1952,MIESCOR - PM of Company Vehicle,MITSUBISHI L300,,MITSUBISHI,VAN,MEDIUM,Operational,Diesel
153,26-0104,DAT 1951,MIESCOR - PM of Company Vehicle,MITSUBISHI L300,,MITSUBISHI,VAN,MEDIUM,Operational,Diesel
154,26-0104,DAT 1958,MIESCOR - PM of Company Vehicle,MITSUBISHI L300,,MITSUBISHI,VAN,MEDIUM,Operational,Diesel
155,26-0104,DAT 1950,MIESCOR - PM of Company Vehicle,MITSUBISHI L300,,MITSUBISHI,VAN,MEDIUM,Operational,Diesel
156,26-0104,NFD 6226,MIESCOR - PM of Company Vehicle,SUZUKI CARRY,,SUZUKI,AUV,MEDIUM,Operational,Gasoline
157,26-0104,NFD 6233,MIESCOR - PM of Company Vehicle,SUZUKI CARRY,,SUZUKI,AUV,MEDIUM,Operational,Gasoline
158,26-0104,NFD 6245,MIESCOR - PM of Company Vehicle,SUZUKI CARRY,,SUZUKI,AUV,MEDIUM,Operational,Gasoline
159,26-0104,NET 4370,MIESCOR - PM of Company Vehicle,SUZUKI CARRY,2022,SUZUKI,AUV,MEDIUM,Operational,Gasoline
160,26-0104,NET 4368,MIESCOR - PM of Company Vehicle,SUZUKI CARRY,2022,SUZUKI,AUV,MEDIUM,Operational,Gasoline
161,26-0104,NEM 5640,MIESCOR - PM of Company Vehicle,SUZUKI CARRY,2022,SUZUKI,AUV,MEDIUM,Operational,Gasoline
162,26-0104,NET 4366,MIESCOR - PM of Company Vehicle,SUZUKI CARRY,2022,SUZUKI,AUV,MEDIUM,Operational,Gasoline
163,26-0104,NET 4371,MIESCOR - PM of Company Vehicle,SUZUKI CARRY,,SUZUKI,AUV,MEDIUM,Operational,Gasoline
164,26-0104,NEW 8900,MIESCOR - PM of Company Vehicle,SUZUKI CARRY,,SUZUKI,AUV,MEDIUM,Operational,Gasoline
165,26-0104,NEW 8894,MIESCOR - PM of Company Vehicle,SUZUKI CARRY,2021,SUZUKI,AUV,MEDIUM,Operational,Gasoline
166,26-0104,NEW 8896,MIESCOR - PM of Company Vehicle,SUZUKI CARRY,,SUZUKI,AUV,MEDIUM,Operational,Gasoline
167,26-0104,NEW 8897,MIESCOR - PM of Company Vehicle,SUZUKI CARRY,,SUZUKI,AUV,MEDIUM,Operational,Gasoline
168,26-0104,NEW 8898,MIESCOR - PM of Company Vehicle,SUZUKI CARRY,,SUZUKI,AUV,MEDIUM,Operational,Gasoline
169,26-0104,NEW 8899,MIESCOR - PM of Company Vehicle,SUZUKI CARRY,,SUZUKI,AUV,MEDIUM,Operational,Gasoline
170,26-0104,NER 2130,MIESCOR - PM of Company Vehicle,SUZUKI CARRY,,SUZUKI,AUV,MEDIUM,Operational,Gasoline
171,26-0104,NER 2132,MIESCOR - PM of Company Vehicle,SUZUKI CARRY,,SUZUKI,AUV,MEDIUM,Operational,Gasoline
172,26-0104,NER 2139,MIESCOR - PM of Company Vehicle,SUZUKI CARRY,2022,SUZUKI,AUV,MEDIUM,Operational,Gasoline
173,26-0104,TQC 400,MIESCOR - PM of Company Vehicle,TOYOTA HILUX,2012,TOYOTA,PICK UP,MEDIUM,Operational,Diesel
174,26-0104,WKQ 230,MIESCOR - PM of Company Vehicle,TOYOTA HILUX,2013,TOYOTA,PICK UP,MEDIUM,Operational,Diesel
175,26-0104,WKQ 233,MIESCOR - PM of Company Vehicle,TOYOTA HILUX,2013,TOYOTA,PICK UP,MEDIUM,Operational,Diesel
176,26-0104,WKQ 231,MIESCOR - PM of Company Vehicle,TOYOTA HILUX,2013,TOYOTA,PICK UP,MEDIUM,Operational,Diesel
177,26-0104,WOW 928,MIESCOR - PM of Company Vehicle,TOYOTA HILUX,2014,TOYOTA,PICK UP,MEDIUM,Operational,Diesel
178,26-0104,WOW 934,MIESCOR - PM of Company Vehicle,TOYOTA HILUX,2014,TOYOTA,PICK UP,MEDIUM,Operational,Diesel
179,26-0104,NDZ 9624,MIESCOR - PM of Company Vehicle,HINO UV 300,,HINO,PICK UP,MEDIUM,Operational,Diesel
180,26-0104,NEX 1802,MIESCOR - PM of Company Vehicle,HINO UV 300,,HINO,PICK UP,MEDIUM,Operational,Diesel
181,26-0104,NEX 2350,MIESCOR - PM of Company Vehicle,HINO UV 300,,HINO,PICK UP,MEDIUM,Operational,Diesel
182,26-0104,NDO 1216,MIESCOR - PM of Company Vehicle,HINO UV 300,,HINO,PICK UP,MEDIUM,Operational,Diesel
183,26-0104,NDO 1217,MIESCOR - PM of Company Vehicle,HINO UV 300,,HINO,PICK UP,MEDIUM,Operational,Diesel
184,26-0104,NDO 1221,MIESCOR - PM of Company Vehicle,HINO UV 300,,HINO,PICK UP,MEDIUM,Operational,Diesel
185,26-0104,NDO 1222,MIESCOR - PM of Company Vehicle,HINO UV 300,,HINO,PICK UP,MEDIUM,Operational,Diesel
186,26-0104,NDO 1223,MIESCOR - PM of Company Vehicle,HINO UV 300,,HINO,PICK UP,MEDIUM,Operational,Diesel
187,26-0104,NGX 9207,MIESCOR - PM of Company Vehicle,HINO UV 300,2022,HINO,PICK UP,MEDIUM,Operational,Diesel
188,26-0104,NGX 9197,MIESCOR - PM of Company Vehicle,HINO UV 300,2022,HINO,PICK UP,MEDIUM,Operational,Diesel
189,26-0104,NEI 9004,MIESCOR - PM of Company Vehicle,TOYOTA INNOVA,2019,TOYOTA,AUV,MEDIUM,Operational,Diesel
190,26-0104,NEI 9005,MIESCOR - PM of Company Vehicle,TOYOTA INNOVA,2019,TOYOTA,AUV,MEDIUM,Operational,Diesel
191,26-0104,AAM 6810,MIESCOR - PM of Company Vehicle,TOYOTA INNOVA,2014,TOYOTA,AUV,MEDIUM,Operational,Diesel
192,26-0104,F4Q 675,MIESCOR - PM of Company Vehicle,NISSAN URVAN,,NISSAN,VAN,MEDIUM,Operational,Diesel
193,26-0104,NFV 6767,MIESCOR - PM of Company Vehicle,TOYOTA VIOS,2020,TOYOTA,SEDAN,LIGHT,Operational,Gasoline
194,26-0104,NFV 6766,MIESCOR - PM of Company Vehicle,TOYOTA VIOS,2020,TOYOTA,SEDAN,LIGHT,Operational,Gasoline
195,26-0104,NGM 6441,MIESCOR - PM of Company Vehicle,TOYOTA VIOS,2020,TOYOTA,SEDAN,LIGHT,Operational,Gasoline
196,26-0104,DAV 3305,MIESCOR - PM of Company Vehicle,MITSUBISHI L300,,MITSUBISHI,VAN,MEDIUM,Operational,Diesel
197,26-0104,DAV 3306,MIESCOR - PM of Company Vehicle,MITSUBISHI L300,,MITSUBISHI,VAN,MEDIUM,Operational,Diesel
198,26-0104,DAV 3307,MIESCOR - PM of Company Vehicle,MITSUBISHI L300,,MITSUBISHI,VAN,MEDIUM,Operational,Diesel
199,26-0104,DAV 3311,MIESCOR - PM of Company Vehicle,MITSUBISHI L300,,MITSUBISHI,VAN,MEDIUM,Operational,Diesel
200,26-0104,DAV 3310,MIESCOR - PM of Company Vehicle,MITSUBISHI L300,,MITSUBISHI,VAN,MEDIUM,Operational,Diesel
201,26-0104,DAV 3312,MIESCOR - PM of Company Vehicle,MITSUBISHI L300,,MITSUBISHI,VAN,MEDIUM,Operational,Diesel
202,26-0104,DAV 3314,MIESCOR - PM of Company Vehicle,MITSUBISHI L300,,MITSUBISHI,VAN,MEDIUM,Operational,Diesel
203,26-0104,DAV 3308,MIESCOR - PM of Company Vehicle,MITSUBISHI L300,,MITSUBISHI,VAN,MEDIUM,Operational,Diesel
204,26-0104,DAV 3294,MIESCOR - PM of Company Vehicle,MITSUBISHI L300,,MITSUBISHI,VAN,MEDIUM,Operational,Diesel
205,26-0104,DAV 3313,MIESCOR - PM of Company Vehicle,MITSUBISHI L300,,MITSUBISHI,VAN,MEDIUM,Operational,Diesel
206,26-0104,DAV 3295,MIESCOR - PM of Company Vehicle,MITSUBISHI L300,,MITSUBISHI,VAN,MEDIUM,Operational,Diesel
207,26-0104,DAV 3302,MIESCOR - PM of Company Vehicle,MITSUBISHI L300,,MITSUBISHI,VAN,MEDIUM,Operational,Diesel
208,26-0104,DAV 3303,MIESCOR - PM of Company Vehicle,MITSUBISHI L300,,MITSUBISHI,VAN,MEDIUM,Operational,Diesel
209,26-0104,DAV 3315,MIESCOR - PM of Company Vehicle,MITSUBISHI L300,,MITSUBISHI,VAN,MEDIUM,Operational,Diesel
210,26-0104,DAV 3296,MIESCOR - PM of Company Vehicle,MITSUBISHI L300,,MITSUBISHI,VAN,MEDIUM,Operational,Diesel
211,26-0104,DAV 3297,MIESCOR - PM of Company Vehicle,MITSUBISHI L300,,MITSUBISHI,VAN,MEDIUM,Operational,Diesel
212,26-0104,DAV 3298,MIESCOR - PM of Company Vehicle,MITSUBISHI L300,,MITSUBISHI,VAN,MEDIUM,Operational,Diesel
213,26-0104,DAV 3309,MIESCOR - PM of Company Vehicle,MITSUBISHI L300,,MITSUBISHI,VAN,MEDIUM,Operational,Diesel
214,26-0104,DAV 3299,MIESCOR - PM of Company Vehicle,MITSUBISHI L300,,MITSUBISHI,VAN,MEDIUM,Operational,Diesel
215,26-0104,DAV 3300,MIESCOR - PM of Company Vehicle,MITSUBISHI L300,,MITSUBISHI,VAN,MEDIUM,Operational,Diesel
216,26-0104,DAV 3301,MIESCOR - PM of Company Vehicle,MITSUBISHI L300,,MITSUBISHI,VAN,MEDIUM,Operational,Diesel
217,26-0104,DAV 5039,MIESCOR - PM of Company Vehicle,MITSUBISHI L300,,MITSUBISHI,VAN,MEDIUM,Operational,Diesel
218,26-0104,DAV 5045,MIESCOR - PM of Company Vehicle,MITSUBISHI L300,,MITSUBISHI,VAN,MEDIUM,Operational,Diesel
219,26-0104,DAV 5042,MIESCOR - PM of Company Vehicle,MITSUBISHI L300,,MITSUBISHI,VAN,MEDIUM,Operational,Diesel
220,26-0104,DAV 5046,MIESCOR - PM of Company Vehicle,MITSUBISHI L300,,MITSUBISHI,VAN,MEDIUM,Operational,Diesel
221,26-0104,DAV 5040,MIESCOR - PM of Company Vehicle,MITSUBISHI L300,,MITSUBISHI,VAN,MEDIUM,Operational,Diesel
222,26-0104,DAV 5041,MIESCOR - PM of Company Vehicle,MITSUBISHI L300,,MITSUBISHI,VAN,MEDIUM,Operational,Diesel
223,26-0104,DAV 5043,MIESCOR - PM of Company Vehicle,MITSUBISHI L300,,MITSUBISHI,VAN,MEDIUM,Operational,Diesel
224,26-0104,DAV 5048,MIESCOR - PM of Company Vehicle,MITSUBISHI L300,,MITSUBISHI,VAN,MEDIUM,Operational,Diesel
225,26-0104,DAV 4658,MIESCOR - PM of Company Vehicle,MITSUBISHI L300,,MITSUBISHI,VAN,MEDIUM,Operational,Diesel
226,26-0104,DAV 5047,MIESCOR - PM of Company Vehicle,MITSUBISHI L300,,MITSUBISHI,VAN,MEDIUM,Operational,Diesel
227,26-0104,NFI 2144,MIESCOR - PM of Company Vehicle,TOYOTA INNOVA,2021,TOYOTA,AUV,MEDIUM,Operational,Diesel
228,26-0104,NFI 2149,MIESCOR - PM of Company Vehicle,TOYOTA INNOVA,2021,TOYOTA,AUV,MEDIUM,Operational,Diesel
229,26-0104,NFI 2150,MIESCOR - PM of Company Vehicle,TOYOTA INNOVA,2021,TOYOTA,AUV,MEDIUM,Operational,Diesel
230,26-0104,NFI 2151,MIESCOR - PM of Company Vehicle,TOYOTA INNOVA,2021,TOYOTA,AUV,MEDIUM,Operational,Diesel
231,26-0104,NFI 2152,MIESCOR - PM of Company Vehicle,TOYOTA INNOVA,2021,TOYOTA,AUV,MEDIUM,Operational,Diesel
232,26-0104,NFI 2153,MIESCOR - PM of Company Vehicle,TOYOTA INNOVA,2021,TOYOTA,AUV,MEDIUM,Operational,Diesel
233,26-0104,NFI 2154,MIESCOR - PM of Company Vehicle,TOYOTA INNOVA,2021,TOYOTA,AUV,MEDIUM,Operational,Diesel
234,26-0104,NFI 2155,MIESCOR - PM of Company Vehicle,TOYOTA INNOVA,2021,TOYOTA,AUV,MEDIUM,Operational,Diesel
235,26-0104,NFI 2145,MIESCOR - PM of Company Vehicle,TOYOTA VIOS,2021,TOYOTA,SEDAN,LIGHT,Operational,Gasoline
236,26-0104,NFI 2146,MIESCOR - PM of Company Vehicle,TOYOTA VIOS,2021,TOYOTA,SEDAN,LIGHT,Operational,Gasoline
237,26-0104,NFI 2147,MIESCOR - PM of Company Vehicle,TOYOTA VIOS,2021,TOYOTA,SEDAN,LIGHT,Operational,Gasoline
238,26-0104,NFI 2148,MIESCOR - PM of Company Vehicle,TOYOTA VIOS,2021,TOYOTA,SEDAN,LIGHT,Operational,Gasoline
239,26-0104,DBF 1381,MIESCOR - PM of Company Vehicle,MITSUBISHI L300,2022,MITSUBISHI,VAN,MEDIUM,Operational,Diesel
240,26-0104,DBF 1382,MIESCOR - PM of Company Vehicle,MITSUBISHI L300,2022,MITSUBISHI,VAN,MEDIUM,Operational,Diesel
241,26-0104,DBF 1383,MIESCOR - PM of Company Vehicle,MITSUBISHI L300,2022,MITSUBISHI,VAN,MEDIUM,Operational,Diesel
242,26-0104,DBF 1384,MIESCOR - PM of Company Vehicle,MITSUBISHI L300,2022,MITSUBISHI,VAN,MEDIUM,Operational,Diesel
243,26-0104,DBF 1385,MIESCOR - PM of Company Vehicle,MITSUBISHI L300,2022,MITSUBISHI,VAN,MEDIUM,Operational,Diesel
244,26-0104,DBF 1386,MIESCOR - PM of Company Vehicle,MITSUBISHI L300,2022,MITSUBISHI,VAN,MEDIUM,Operational,Diesel
245,26-0104,DBF 1387,MIESCOR - PM of Company Vehicle,MITSUBISHI L300,2022,MITSUBISHI,VAN,MEDIUM,Operational,Diesel
246,26-0104,DBF 1388,MIESCOR - PM of Company Vehicle,MITSUBISHI L300,2022,MITSUBISHI,VAN,MEDIUM,Operational,Diesel
247,26-0104,DBF 1389,MIESCOR - PM of Company Vehicle,MITSUBISHI L300,2022,MITSUBISHI,VAN,MEDIUM,Operational,Diesel
248,26-0104,DBF 1390,MIESCOR - PM of Company Vehicle,MITSUBISHI L300,2022,MITSUBISHI,VAN,MEDIUM,Operational,Diesel
249,26-0104,DBF 1391,MIESCOR - PM of Company Vehicle,MITSUBISHI L300,2022,MITSUBISHI,VAN,MEDIUM,Operational,Diesel
250,26-0104,NFI 5152,MIESCOR - PM of Company Vehicle,TOYOTA HILUX,2022,TOYOTA,PICK UP,MEDIUM,Operational,Diesel
251,26-0104,NFI 5095,MIESCOR - PM of Company Vehicle,TOYOTA HILUX,2022,TOYOTA,PICK UP,MEDIUM,Operational,Diesel
252,26-0104,DAQ 5992,MIESCOR - PM of Company Vehicle,MITSUBISHI MIRAGE G4,,MITSUBISHI,SEDAN,LIGHT,Operational,Gasoline
253,26-0104,DAQ 5938,MIESCOR - PM of Company Vehicle,MITSUBISHI MIRAGE G4,,MITSUBISHI,SEDAN,LIGHT,Operational,Gasoline
254,26-0104,DAQ 5945,MIESCOR - PM of Company Vehicle,MITSUBISHI MIRAGE G4,,MITSUBISHI,SEDAN,LIGHT,Operational,Gasoline
255,26-0104,DAR 1271,MIESCOR - PM of Company Vehicle,MITSUBISHI L300,2022,MITSUBISHI,VAN,MEDIUM,Operational,Diesel
256,26-0104,DAR 1272,MIESCOR - PM of Company Vehicle,MITSUBISHI L300,2022,MITSUBISHI,VAN,MEDIUM,Operational,Diesel
257,26-0104,DAR 1274,MIESCOR - PM of Company Vehicle,MITSUBISHI L300,2022,MITSUBISHI,VAN,MEDIUM,Operational,Diesel
258,26-0104,DAR 1275,MIESCOR - PM of Company Vehicle,MITSUBISHI L300,2022,MITSUBISHI,VAN,MEDIUM,Operational,Diesel
259,26-0104,DAR 1276,MIESCOR - PM of Company Vehicle,MITSUBISHI L300,2022,MITSUBISHI,VAN,MEDIUM,Operational,Diesel
260,26-0104,NER 2134,MIESCOR - PM of Company Vehicle,SUZUKI CARRY,,SUZUKI,AUV,MEDIUM,Operational,Gasoline
261,26-0104,NER 2133,MIESCOR - PM of Company Vehicle,SUZUKI CARRY,,SUZUKI,AUV,MEDIUM,Operational,Gasoline
262,26-0104,NEX 2352,MIESCOR - PM of Company Vehicle,HINO UV 300,,HINO,PICK UP,MEDIUM,Operational,Diesel
263,26-0104,NGU 1037,MIESCOR - PM of Company Vehicle,SUZUKI APV,,SUZUKI,AUV,MEDIUM,Operational,Gasoline
264,26-0104,NGU 1039,MIESCOR - PM of Company Vehicle,SUZUKI APV,,SUZUKI,AUV,MEDIUM,Operational,Gasoline
265,26-0104,NGU 4889,MIESCOR - PM of Company Vehicle,SUZUKI APV,,SUZUKI,AUV,MEDIUM,Operational,Gasoline
266,26-0104,NGU 4878,MIESCOR - PM of Company Vehicle,SUZUKI CARRY,2021,SUZUKI,AUV,MEDIUM,Operational,Gasoline
267,26-0104,NGU 5452,MIESCOR - PM of Company Vehicle,SUZUKI APV,2021,SUZUKI,AUV,MEDIUM,Operational,Gasoline
268,26-0104,NGU 4881,MIESCOR - PM of Company Vehicle,SUZUKI CARRY,2021,SUZUKI,AUV,MEDIUM,Operational,Gasoline
269,26-0104,NGU 4880,MIESCOR - PM of Company Vehicle,SUZUKI CARRY,2021,SUZUKI,AUV,MEDIUM,Operational,Gasoline
270,26-0104,NGU 5453,MIESCOR - PM of Company Vehicle,SUZUKI CARRY,2021,SUZUKI,AUV,MEDIUM,Operational,Gasoline
271,26-0104,AOA 2803,MIESCOR - PM of Company Vehicle,TOYOTA HILUX,2014,TOYOTA,PICK UP,MEDIUM,Operational,Diesel
272,26-0104,ABF 2044,MIESCOR - PM of Company Vehicle,TOYOTA HILUX,2016,TOYOTA,PICK UP,MEDIUM,Operational,Diesel
273,26-0104,NEW 8893,MIESCOR - PM of Company Vehicle,SUZUKI CARRY,,SUZUKI,AUV,MEDIUM,Operational,Gasoline
274,26-0104,NET 4367,MIESCOR - PM of Company Vehicle,SUZUKI CARRY,,SUZUKI,AUV,MEDIUM,Operational,Gasoline
275,26-0104,NER 2138,MIESCOR - PM of Company Vehicle,SUZUKI CARRY,,SUZUKI,AUV,MEDIUM,Operational,Gasoline
276,26-0104,NEM 5631,MIESCOR - PM of Company Vehicle,SUZUKI CARRY,,SUZUKI,AUV,MEDIUM,Operational,Gasoline
277,26-0104,NEM 5634,MIESCOR - PM of Company Vehicle,SUZUKI CARRY,,SUZUKI,AUV,MEDIUM,Operational,Gasoline
278,26-0104,NEM 5638,MIESCOR - PM of Company Vehicle,SUZUKI CARRY,,SUZUKI,AUV,MEDIUM,Operational,Gasoline
279,26-0104,NFD 6219,MIESCOR - PM of Company Vehicle,SUZUKI CARRY,,SUZUKI,AUV,MEDIUM,Operational,Gasoline
280,26-0104,NFD 6217,MIESCOR - PM of Company Vehicle,SUZUKI CARRY,,SUZUKI,AUV,MEDIUM,Operational,Gasoline
281,26-0104,NFD 6240,MIESCOR - PM of Company Vehicle,SUZUKI CARRY,,SUZUKI,AUV,MEDIUM,Operational,Gasoline
282,26-0104,NFD 6232,MIESCOR - PM of Company Vehicle,SUZUKI CARRY,,SUZUKI,AUV,MEDIUM,Operational,Gasoline
283,26-0104,NFD 6212,MIESCOR - PM of Company Vehicle,SUZUKI CARRY,,SUZUKI,AUV,MEDIUM,Operational,Gasoline
284,26-0104,NFD 6218,MIESCOR - PM of Company Vehicle,SUZUKI CARRY,,SUZUKI,AUV,MEDIUM,Operational,Gasoline
285,26-0104,NFD 6231,MIESCOR - PM of Company Vehicle,SUZUKI CARRY,,SUZUKI,AUV,MEDIUM,Operational,Gasoline
286,26-0104,NFD 6215,MIESCOR - PM of Company Vehicle,SUZUKI CARRY,,SUZUKI,AUV,MEDIUM,Operational,Gasoline
287,26-0104,NFD 6222,MIESCOR - PM of Company Vehicle,SUZUKI CARRY,,SUZUKI,AUV,MEDIUM,Operational,Gasoline
288,26-0104,NDZ 9629,MIESCOR - PM of Company Vehicle,HINO UV 300,,HINO,PICK UP,MEDIUM,Operational,Diesel
289,26-0104,NDZ 9628,MIESCOR - PM of Company Vehicle,HINO UV 300,,HINO,PICK UP,MEDIUM,Operational,Diesel
290,26-0104,NDZ 9622,MIESCOR - PM of Company Vehicle,HINO UV 300,,HINO,PICK UP,MEDIUM,Operational,Diesel
291,26-0104,NEX 2351,MIESCOR - PM of Company Vehicle,HINO UV 300,2021,HINO,PICK UP,MEDIUM,Operational,Diesel
292,26-0104,NDO 1214,MIESCOR - PM of Company Vehicle,HINO UV 300,,HINO,PICK UP,MEDIUM,Operational,Diesel
293,26-0104,NDO 1215,MIESCOR - PM of Company Vehicle,HINO UV 300,,HINO,PICK UP,MEDIUM,Operational,Diesel
294,26-0104,NDO 1220,MIESCOR - PM of Company Vehicle,HINO UV 300,,HINO,PICK UP,MEDIUM,Operational,Diesel
295,26-0104,NDO 1219,MIESCOR - PM of Company Vehicle,HINO UV 300,,HINO,PICK UP,MEDIUM,Operational,Diesel
296,26-0104,NDO 1218,MIESCOR - PM of Company Vehicle,HINO UV 300,,HINO,PICK UP,MEDIUM,Operational,Diesel
297,26-0104,NGX 9208,MIESCOR - PM of Company Vehicle,HINO UV 300,2022,HINO,PICK UP,MEDIUM,Operational,Diesel
298,26-0104,NGX 9203,MIESCOR - PM of Company Vehicle,HINO UV 300,2022,HINO,PICK UP,MEDIUM,Operational,Diesel
299,26-0104,NGX 9201,MIESCOR - PM of Company Vehicle,HINO UV 300,2022,HINO,PICK UP,MEDIUM,Operational,Diesel
300,26-0104,NGX 9206,MIESCOR - PM of Company Vehicle,HINO UV 300,2022,HINO,PICK UP,MEDIUM,Operational,Diesel
301,26-0104,NGX 9209,MIESCOR - PM of Company Vehicle,HINO UV 300,2022,HINO,PICK UP,MEDIUM,Operational,Diesel
302,26-0104,NGX 9200,MIESCOR - PM of Company Vehicle,HINO UV 300,2022,HINO,PICK UP,MEDIUM,Operational,Diesel
303,26-0104,NGX 9202,MIESCOR - PM of Company Vehicle,HINO UV 300,2022,HINO,PICK UP,MEDIUM,Operational,Diesel
304,26-0104,NGX 9204,MIESCOR - PM of Company Vehicle,HINO UV 300,2022,HINO,PICK UP,MEDIUM,Operational,Diesel
305,26-0104,NGX 9205,MIESCOR - PM of Company Vehicle,HINO UV 300,2022,HINO,PICK UP,MEDIUM,Operational,Diesel
306,26-0104,PIK 809,MIESCOR - PM of Company Vehicle,MITSUBISHI CANTER,,MITSUBISHI,PICK UP,MEDIUM,Operational,Diesel
307,26-0104,DBG 3881,MIESCOR - PM of Company Vehicle,MITSUBISHI CANTER,,MITSUBISHI,PICK UP,MEDIUM,Operational,Diesel
308,26-0104,DBG 3902,MIESCOR - PM of Company Vehicle,MITSUBISHI CANTER,,MITSUBISHI,PICK UP,MEDIUM,Operational,Diesel
309,26-0104,DBG 3882,MIESCOR - PM of Company Vehicle,MITSUBISHI CANTER,,MITSUBISHI,PICK UP,MEDIUM,Operational,Diesel
310,26-0104,NGX 7579,MIESCOR - PM of Company Vehicle,MITSUBISHI L300,,MITSUBISHI,VAN,MEDIUM,Operational,Diesel
311,26-0104,DAQ 8822,MIESCOR - PM of Company Vehicle,MITSUBISHI L300,2022,MITSUBISHI,VAN,MEDIUM,Operational,Diesel
312,26-0104,DAQ 8825,MIESCOR - PM of Company Vehicle,MITSUBISHI L300,2022,MITSUBISHI,VAN,MEDIUM,Operational,Diesel
313,26-0104,DAQ 8827,MIESCOR - PM of Company Vehicle,MITSUBISHI L300,2022,MITSUBISHI,VAN,MEDIUM,Operational,Diesel
314,26-0104,DAQ 8826,MIESCOR - PM of Company Vehicle,MITSUBISHI L300,2022,MITSUBISHI,VAN,MEDIUM,Operational,Diesel
315,26-0104,DAQ 8823,MIESCOR - PM of Company Vehicle,MITSUBISHI L300,2022,MITSUBISHI,VAN,MEDIUM,Operational,Diesel
316,26-0104,DAQ 8824,MIESCOR - PM of Company Vehicle,MITSUBISHI L300,2022,MITSUBISHI,VAN,MEDIUM,Operational,Diesel
317,26-0104,NFD 6216,MIESCOR - PM of Company Vehicle,SUZUKI CARRY,,SUZUKI,AUV,MEDIUM,Operational,Gasoline
318,26-0104,NFD 6239,MIESCOR - PM of Company Vehicle,SUZUKI CARRY,,SUZUKI,AUV,MEDIUM,Operational,Gasoline
319,26-0104,NFD 6230,MIESCOR - PM of Company Vehicle,SUZUKI CARRY,,SUZUKI,AUV,MEDIUM,Operational,Gasoline
320,26-0104,NFD 6236,MIESCOR - PM of Company Vehicle,SUZUKI CARRY,,SUZUKI,AUV,MEDIUM,Operational,Gasoline
321,26-0104,NFD 6241,MIESCOR - PM of Company Vehicle,SUZUKI CARRY,,SUZUKI,AUV,MEDIUM,Operational,Gasoline
322,26-0104,NFD 6234,MIESCOR - PM of Company Vehicle,SUZUKI CARRY,,SUZUKI,AUV,MEDIUM,Operational,Gasoline
323,26-0104,NFD 6242,MIESCOR - PM of Company Vehicle,SUZUKI CARRY,,SUZUKI,AUV,MEDIUM,Operational,Gasoline
324,26-0104,NFD 6243,MIESCOR - PM of Company Vehicle,SUZUKI CARRY,,SUZUKI,AUV,MEDIUM,Operational,Gasoline
325,26-0104,NFD 6228,MIESCOR - PM of Company Vehicle,SUZUKI CARRY,,SUZUKI,AUV,MEDIUM,Operational,Gasoline
326,26-0104,NFD 6221,MIESCOR - PM of Company Vehicle,SUZUKI CARRY,,SUZUKI,AUV,MEDIUM,Operational,Gasoline
327,26-0104,NFD 6213,MIESCOR - PM of Company Vehicle,SUZUKI CARRY,,SUZUKI,AUV,MEDIUM,Operational,Gasoline
328,26-0104,NFD 6214,MIESCOR - PM of Company Vehicle,SUZUKI CARRY,,SUZUKI,AUV,MEDIUM,Operational,Gasoline
329,26-0104,NFD 6244,MIESCOR - PM of Company Vehicle,SUZUKI CARRY,,SUZUKI,AUV,MEDIUM,Operational,Gasoline
330,26-0104,NFD 6223,MIESCOR - PM of Company Vehicle,SUZUKI CARRY,,SUZUKI,AUV,MEDIUM,Operational,Gasoline
331,26-0104,NFD 6235,MIESCOR - PM of Company Vehicle,SUZUKI CARRY,,SUZUKI,AUV,MEDIUM,Operational,Gasoline
332,26-0104,NFD 6229,MIESCOR - PM of Company Vehicle,SUZUKI CARRY,,SUZUKI,AUV,MEDIUM,Operational,Gasoline
333,26-0104,NFD 6220,MIESCOR - PM of Company Vehicle,SUZUKI CARRY,,SUZUKI,AUV,MEDIUM,Operational,Gasoline
334,26-0104,NFD 6227,MIESCOR - PM of Company Vehicle,SUZUKI CARRY,,SUZUKI,AUV,MEDIUM,Operational,Gasoline
335,26-0104,NHB 5240,MIESCOR - PM of Company Vehicle,SUZUKI CARRY,,SUZUKI,AUV,MEDIUM,Operational,Gasoline
336,26-0104,NHB 5264,MIESCOR - PM of Company Vehicle,SUZUKI CARRY,,SUZUKI,AUV,MEDIUM,Operational,Gasoline
337,26-0104,NHB 5246,MIESCOR - PM of Company Vehicle,SUZUKI CARRY,,SUZUKI,AUV,MEDIUM,Operational,Gasoline
338,26-0104,NHB 5241,MIESCOR - PM of Company Vehicle,SUZUKI CARRY,,SUZUKI,AUV,MEDIUM,Operational,Gasoline
339,26-0104,NHB 5242,MIESCOR - PM of Company Vehicle,SUZUKI CARRY,,SUZUKI,AUV,MEDIUM,Operational,Gasoline
340,26-0104,NHB 5263,MIESCOR - PM of Company Vehicle,SUZUKI CARRY,,SUZUKI,AUV,MEDIUM,Operational,Gasoline
341,26-0104,NHB 5265,MIESCOR - PM of Company Vehicle,SUZUKI CARRY,,SUZUKI,AUV,MEDIUM,Operational,Gasoline
342,26-0104,NHB 5266,MIESCOR - PM of Company Vehicle,SUZUKI CARRY,,SUZUKI,AUV,MEDIUM,Operational,Gasoline
343,26-0104,NHB 5267,MIESCOR - PM of Company Vehicle,SUZUKI CARRY,,SUZUKI,AUV,MEDIUM,Operational,Gasoline
344,26-0104,NHB 5268,MIESCOR - PM of Company Vehicle,SUZUKI CARRY,,SUZUKI,AUV,MEDIUM,Operational,Gasoline
345,26-0104,NHB 5269,MIESCOR - PM of Company Vehicle,SUZUKI CARRY,,SUZUKI,AUV,MEDIUM,Operational,Gasoline
346,26-0104,NHB 5270,MIESCOR - PM of Company Vehicle,SUZUKI CARRY,,SUZUKI,AUV,MEDIUM,Operational,Gasoline
347,26-0104,NHB 5262,MIESCOR - PM of Company Vehicle,SUZUKI CARRY,,SUZUKI,AUV,MEDIUM,Operational,Gasoline
348,26-0104,NHB 5261,MIESCOR - PM of Company Vehicle,SUZUKI CARRY,,SUZUKI,AUV,MEDIUM,Operational,Gasoline
349,26-0104,NHB 5249,MIESCOR - PM of Company Vehicle,SUZUKI CARRY,,SUZUKI,AUV,MEDIUM,Operational,Gasoline
350,26-0104,NHB 5258,MIESCOR - PM of Company Vehicle,SUZUKI CARRY,,SUZUKI,AUV,MEDIUM,Operational,Gasoline
351,26-0104,NHB 5259,MIESCOR - PM of Company Vehicle,SUZUKI CARRY,,SUZUKI,AUV,MEDIUM,Operational,Gasoline
352,26-0104,NHB 5260,MIESCOR - PM of Company Vehicle,SUZUKI CARRY,,SUZUKI,AUV,MEDIUM,Operational,Gasoline
353,26-0104,NHB 5251,MIESCOR - PM of Company Vehicle,SUZUKI CARRY,,SUZUKI,AUV,MEDIUM,Operational,Gasoline
354,26-0104,NHB 5254,MIESCOR - PM of Company Vehicle,SUZUKI CARRY,,SUZUKI,AUV,MEDIUM,Operational,Gasoline
355,26-0104,NHB 5250,MIESCOR - PM of Company Vehicle,SUZUKI CARRY,,SUZUKI,AUV,MEDIUM,Operational,Gasoline
356,26-0104,NHB 5253,MIESCOR - PM of Company Vehicle,SUZUKI CARRY,,SUZUKI,AUV,MEDIUM,Operational,Gasoline
357,26-0104,NHB 5257,MIESCOR - PM of Company Vehicle,SUZUKI CARRY,,SUZUKI,AUV,MEDIUM,Operational,Gasoline
358,26-0104,NHB 5256,MIESCOR - PM of Company Vehicle,SUZUKI CARRY,,SUZUKI,AUV,MEDIUM,Operational,Gasoline
359,26-0104,NHB 5244,MIESCOR - PM of Company Vehicle,SUZUKI CARRY,,SUZUKI,AUV,MEDIUM,Operational,Gasoline
360,26-0104,NHB 5243,MIESCOR - PM of Company Vehicle,SUZUKI CARRY,,SUZUKI,AUV,MEDIUM,Operational,Gasoline
361,26-0104,NHB 5245,MIESCOR - PM of Company Vehicle,SUZUKI CARRY,,SUZUKI,AUV,MEDIUM,Operational,Gasoline
362,26-0104,WVI 154,MIESCOR - PM of Company Vehicle,TOYOTA HI-ACE GRANDIA,,TOYOTA,VAN,MEDIUM,Operational,Diesel
363,26-0104,KBB 9303,MIESCOR - PM of Company Vehicle,MITSUBISHI ADVENTURE,,MITSUBISHI,SUV,MEDIUM,Operational,Diesel
364,26-0104,AAX 9169,MIESCOR - PM of Company Vehicle,TOYOTA HILUX,2014,TOYOTA,PICK UP,MEDIUM,Operational,Diesel
365,26-0104,AAX 9182,MIESCOR - PM of Company Vehicle,TOYOTA HI-ACE GRANDIA,,TOYOTA,VAN,MEDIUM,Operational,Diesel
366,26-0104,NEW 8203,MIESCOR - PM of Company Vehicle,NISSAN URVAN,,NISSAN,VAN,MEDIUM,Operational,Diesel
367,26-0104,NEV 2925,MIESCOR - PM of Company Vehicle,NISSAN URVAN,,NISSAN,VAN,MEDIUM,Operational,Diesel
368,26-0104,NFH 9937,MIESCOR - PM of Company Vehicle,TOYOTA INNOVA,,TOYOTA,AUV,MEDIUM,Operational,Diesel
369,26-0104,NIB 3893,MIESCOR - PM of Company Vehicle,NISSAN TERRA,,NISSAN,PICK UP,MEDIUM,Operational,Diesel
370,26-0104,UTX 522,MIESCOR - PM of Company Vehicle,MITSUBISHI L300,1977,MITSUBISHI,VAN,MEDIUM,Operational,Diesel
371,26-0104,ZHJ 419,MIESCOR - PM of Company Vehicle,MITSUBISHI STRADA,2007,MITSUBISHI,PICK UP,MEDIUM,Operational,Diesel
372,26-0104,VDJ 407,MIESCOR - PM of Company Vehicle,MITSUBISHI STRADA,2007,MITSUBISHI,PICK UP,MEDIUM,Operational,Diesel
373,26-0104,ZRE 356,MIESCOR - PM of Company Vehicle,TOYOTA HILUX,2008,TOYOTA,PICK UP,MEDIUM,Operational,Diesel
374,26-0104,NCW 3575,MIESCOR - PM of Company Vehicle,TOYOTA HILUX,2018,TOYOTA,PICK UP,MEDIUM,Operational,Diesel
375,26-0104,NYQ 290,MIESCOR - PM of Company Vehicle,TOYOTA HILUX,,TOYOTA,PICK UP,MEDIUM,Operational,Diesel
376,26-0104,ZBP 477,MIESCOR - PM of Company Vehicle,TOYOTA VIOS,,TOYOTA,SEDAN,LIGHT,Operational,Gasoline
377,26-0104,ZBC 140,MIESCOR - PM of Company Vehicle,TOYOTA VIOS,,TOYOTA,SEDAN,LIGHT,Operational,Gasoline
378,26-0104,ZAR 681,MIESCOR - PM of Company Vehicle,TOYOTA VIOS,,TOYOTA,SEDAN,LIGHT,Operational,Gasoline
379,26-0104,ZAR 240,MIESCOR - PM of Company Vehicle,TOYOTA VIOS,,TOYOTA,SEDAN,LIGHT,Operational,Gasoline
380,26-0104,KBY 9301,MIESCOR - PM of Company Vehicle,MITSUBISHI ADVENTURE,,MITSUBISHI,SUV,MEDIUM,Operational,Diesel
381,26-0104,NEH 3188,MIESCOR - PM of Company Vehicle,HYUNDAI H-100 2.5 CRDI G,2018,HYUNDAI,VAN,MEDIUM,Operational,Diesel
382,26-0104,NEC 3939,MIESCOR - PM of Company Vehicle,HYUNDAI H-100 2.6 GL 5M,,HYUNDAI,VAN,MEDIUM,Operational,Diesel
383,26-0104,DAP 1690,MIESCOR - PM of Company Vehicle,MITSUBISHI STRADA,2022,MITSUBISHI,PICK UP,MEDIUM,Operational,Diesel
384,26-0104,DAP 1689,MIESCOR - PM of Company Vehicle,MITSUBISHI STRADA,2022,MITSUBISHI,PICK UP,MEDIUM,Operational,Diesel
385,26-0104,DAP 2689,MIESCOR - PM of Company Vehicle,MITSUBISHI STRADA,2022,MITSUBISHI,PICK UP,MEDIUM,Operational,Diesel
386,26-0104,DAP 2690,MIESCOR - PM of Company Vehicle,MITSUBISHI STRADA,2022,MITSUBISHI,PICK UP,MEDIUM,Operational,Diesel
387,26-0104,DAP 3679,MIESCOR - PM of Company Vehicle,MITSUBISHI L300,2021,MITSUBISHI,VAN,MEDIUM,Operational,Diesel
388,26-0104,NWI 173,MIESCOR - PM of Company Vehicle,TOYOTA HILUX,2009,TOYOTA,PICK UP,MEDIUM,Operational,Diesel
389,26-0104,DAP 9389,MIESCOR - PM of Company Vehicle,MITSUBISHI L300,2022,MITSUBISHI,VAN,MEDIUM,Operational,Diesel
390,26-0104,NFH 7554,MIESCOR - PM of Company Vehicle,SUZUKI CARRY,2022,SUZUKI,AUV,MEDIUM,Operational,Gasoline
391,26-0104,NFH 7553,MIESCOR - PM of Company Vehicle,SUZUKI CARRY,2022,SUZUKI,AUV,MEDIUM,Operational,Gasoline
392,26-0104,NGK 8084,MIESCOR - PM of Company Vehicle,SUZUKI CARRY,2022,SUZUKI,AUV,MEDIUM,Operational,Gasoline
393,26-0104,XDP 233,MIESCOR - PM of Company Vehicle,NISSAN PATROL,,NISSAN,PICK UP,MEDIUM,Operational,Diesel
394,26-0104,DAS 3438,MIESCOR - PM of Company Vehicle,MITSUBISHI STRADA,,MITSUBISHI,PICK UP,MEDIUM,Operational,Diesel
395,26-0104,NFE 8877,MIESCOR - PM of Company Vehicle,TOYOTA HILUX,,TOYOTA,PICK UP,MEDIUM,Operational,Diesel
396,26-0104,NFE 8876,MIESCOR - PM of Company Vehicle,TOYOTA HILUX,,TOYOTA,PICK UP,MEDIUM,Operational,Diesel
397,26-0104,AAT 4128,MIESCOR - PM of Company Vehicle,ISUZU ELF BASKET TRUCK,,ISUZU,PICK UP,MEDIUM,Operational,Diesel
398,26-0105,AAX 9181,Other Client - PMS/CMS of Vehicles,TOYOTA HI-ACE COMMUTER,2014,TOYOTA,VAN,MEDIUM,Operational,Diesel
399,26-0105,NUQ 154,Other Client - PMS/CMS of Vehicles,ISUZU CROSSWIND,2010,ISUZU,SUV,MEDIUM,Operational,Diesel
400,26-0105,NGN 5755,Other Client - PMS/CMS of Vehicles,TOYOTA HI-ACE COMMUTER,2021,TOYOTA,VAN,MEDIUM,Operational,Diesel
401,26-0105,TAO 906,Other Client - PMS/CMS of Vehicles,ISUZU CROSSWIND,2011,ISUZU,SUV,MEDIUM,Operational,Diesel
402,26-0105,NGN 5757,Other Client - PMS/CMS of Vehicles,TOYOTA HI-ACE COMMUTER,2021,TOYOTA,VAN,MEDIUM,Operational,Diesel
403,26-0105,NGN 5790,Other Client - PMS/CMS of Vehicles,TOYOTA HI-ACE COMMUTER,2021,TOYOTA,VAN,MEDIUM,Operational,Diesel
404,26-0105,164 NQB,Other Client - PMS/CMS of Vehicles,HONDA BEAT 125,2020,HONDA,MOTORCYCLE,LIGHT,Operational,Gasoline
405,26-0105,301189,Other Client - PMS/CMS of Vehicles,HONDA WAVE CX 100,2015,HONDA,MOTORCYCLE,LIGHT,Operational,Gasoline
406,26-0105,165 NQB,Other Client - PMS/CMS of Vehicles,HONDA BEAT 125,2020,HONDA,MOTORCYCLE,LIGHT,Operational,Gasoline
407,26-0105,NC-35156,Other Client - PMS/CMS of Vehicles,HONDA WAVE CX 100,2014,HONDA,MOTORCYCLE,LIGHT,Operational,Gasoline
408,26-0105,null-1,Other Client - PMS/CMS of Vehicles,HONDA CLICK 125,2023,HONDA,MOTORCYCLE,LIGHT,Operational,Gasoline
409,26-0105,null-2,Other Client - PMS/CMS of Vehicles,HONDA CLICK 125,2023,HONDA,MOTORCYCLE,LIGHT,Operational,Gasoline
410,26-0105,WOV 204,Other Client - PMS/CMS of Vehicles,TOYOTA INNOVA,2013,TOYOTA,AUV,MEDIUM,Operational,Diesel
411,26-0105,AAX 1243,Other Client - PMS/CMS of Vehicles,TOYOTA HI-ACE COMMUTER,2015,TOYOTA,VAN,MEDIUM,Operational,Diesel
412,26-0105,AAX 9180,Other Client - PMS/CMS of Vehicles,TOYOTA HILUX,2014,TOYOTA,PICK UP,MEDIUM,Operational,Diesel
413,26-0105,AAR 3028,Other Client - PMS/CMS of Vehicles,TOYOTA HILUX,2014,TOYOTA,PICK UP,MEDIUM,Operational,Diesel
414,26-0105,AAR 3030,Other Client - PMS/CMS of Vehicles,TOYOTA HILUX,2014,TOYOTA,PICK UP,MEDIUM,Operational,Diesel
415,26-0105,AAH 7035,Other Client - PMS/CMS of Vehicles,TOYOTA INNOVA,2014,TOYOTA,AUV,MEDIUM,Operational,Diesel
416,26-0105,TAI 945,Other Client - PMS/CMS of Vehicles,TOYOTA INNOVA,2011,TOYOTA,AUV,MEDIUM,Operational,Diesel
417,26-0105,NDC 3512,Other Client - PMS/CMS of Vehicles,TOYOTA HILUX,2016,TOYOTA,PICK UP,MEDIUM,Operational,Diesel
418,26-0105,NBU 7446,Other Client - PMS/CMS of Vehicles,TOYOTA HILUX,2017,TOYOTA,PICK UP,MEDIUM,Operational,Diesel
419,26-0105,NBU 7444,Other Client - PMS/CMS of Vehicles,TOYOTA HILUX,2017,TOYOTA,PICK UP,MEDIUM,Operational,Diesel
420,26-0105,NBU 7445,Other Client - PMS/CMS of Vehicles,TOYOTA HILUX,2017,TOYOTA,PICK UP,MEDIUM,Operational,Diesel
421,26-0105,NBU 7442,Other Client - PMS/CMS of Vehicles,TOYOTA AVANZA,2017,TOYOTA,AUV,MEDIUM,Operational,Gasoline
422,26-0105,NBU 7441,Other Client - PMS/CMS of Vehicles,TOYOTA AVANZA,2017,TOYOTA,AUV,MEDIUM,Operational,Gasoline
423,26-0105,NCH 5682,Other Client - PMS/CMS of Vehicles,MITSUBISHI L300,2016,MITSUBISHI,VAN,MEDIUM,Operational,Diesel
424,26-0105,NCH 5680,Other Client - PMS/CMS of Vehicles,MITSUBISHI L300,2016,MITSUBISHI,VAN,MEDIUM,Operational,Diesel
425,26-0105,NCH 5681,Other Client - PMS/CMS of Vehicles,MITSUBISHI L300,2016,MITSUBISHI,VAN,MEDIUM,Operational,Diesel
426,26-0105,NBZ 4721,Other Client - PMS/CMS of Vehicles,MITSUBISHI L300,2017,MITSUBISHI,VAN,MEDIUM,Operational,Diesel
427,26-0105,AAM 7547,Other Client - PMS/CMS of Vehicles,TOYOTA HILUX,2014,TOYOTA,PICK UP,MEDIUM,Operational,Diesel
428,26-0105,ABR 6067,Other Client - PMS/CMS of Vehicles,TOYOTA INNOVA,2016,TOYOTA,AUV,MEDIUM,Operational,Diesel
429,26-0105,AIA 7936,Other Client - PMS/CMS of Vehicles,TOYOTA INNOVA,2015,TOYOTA,AUV,MEDIUM,Operational,Diesel
430,26-0105,AKA 4279,Other Client - PMS/CMS of Vehicles,TOYOTA AVANZA,2015,TOYOTA,AUV,MEDIUM,Operational,Gasoline
431,26-0105,NDT 8602,Other Client - PMS/CMS of Vehicles,TOYOTA AVANZA,2016,TOYOTA,AUV,MEDIUM,Operational,Gasoline
432,26-0105,ABR 6059,Other Client - PMS/CMS of Vehicles,MITSUBISHI L300,2015,MITSUBISHI,VAN,MEDIUM,Operational,Diesel
433,26-0105,ABE 7690,Other Client - PMS/CMS of Vehicles,TOYOTA AVANZA,2016,TOYOTA,AUV,MEDIUM,Operational,Gasoline
434,26-0105,ABF 9984,Other Client - PMS/CMS of Vehicles,TOYOTA INNOVA,2015,TOYOTA,AUV,MEDIUM,Operational,Diesel
435,26-0105,NDX 8612,Other Client - PMS/CMS of Vehicles,TOYOTA AVANZA,2016,TOYOTA,AUV,MEDIUM,Operational,Gasoline
436,26-0105,NDY 8824,Other Client - PMS/CMS of Vehicles,TOYOTA AVANZA,2016,TOYOTA,AUV,MEDIUM,Operational,Gasoline
437,26-0105,NCE 6437,Other Client - PMS/CMS of Vehicles,TOYOTA HI-ACE COMMUTER,2016,TOYOTA,VAN,MEDIUM,Operational,Diesel
438,26-0105,NCE 6381,Other Client - PMS/CMS of Vehicles,TOYOTA AVANZA,2016,TOYOTA,AUV,MEDIUM,Operational,Gasoline
439,26-0105,AIA 8944,Other Client - PMS/CMS of Vehicles,TOYOTA INNOVA,2015,TOYOTA,AUV,MEDIUM,Operational,Diesel
440,26-0105,NAE 6686,Other Client - PMS/CMS of Vehicles,TOYOTA INNOVA,2017,TOYOTA,AUV,MEDIUM,Operational,Diesel
441,26-0105,ABE 7689,Other Client - PMS/CMS of Vehicles,TOYOTA AVANZA,2016,TOYOTA,AUV,MEDIUM,Operational,Gasoline
442,26-0105,ALA 1444,Other Client - PMS/CMS of Vehicles,TOYOTA INNOVA,2015,TOYOTA,AUV,MEDIUM,Operational,Diesel
443,26-0105,NDW 5761,Other Client - PMS/CMS of Vehicles,TOYOTA AVANZA,2016,TOYOTA,AUV,MEDIUM,Operational,Gasoline
444,26-0105,NDE 2310,Other Client - PMS/CMS of Vehicles,TOYOTA INNOVA,2017,TOYOTA,AUV,MEDIUM,Operational,Diesel
445,26-0105,NDB 4819,Other Client - PMS/CMS of Vehicles,TOYOTA INNOVA,2016,TOYOTA,AUV,MEDIUM,Operational,Diesel
446,26-0105,NDB 4464,Other Client - PMS/CMS of Vehicles,TOYOTA AVANZA,2016,TOYOTA,AUV,MEDIUM,Operational,Gasoline
447,26-0105,NDB 4463,Other Client - PMS/CMS of Vehicles,TOYOTA AVANZA,2016,TOYOTA,AUV,MEDIUM,Operational,Gasoline
448,26-0105,NDY 8827,Other Client - PMS/CMS of Vehicles,TOYOTA AVANZA,2016,TOYOTA,AUV,MEDIUM,Operational,Gasoline
449,26-0105,NDB 3131,Other Client - PMS/CMS of Vehicles,TOYOTA INNOVA,2016,TOYOTA,AUV,MEDIUM,Operational,Diesel
450,26-0105,ABR 6060,Other Client - PMS/CMS of Vehicles,MITSUBISHI L300,2015,MITSUBISHI,VAN,MEDIUM,Operational,Diesel
451,26-0105,ABR 6080,Other Client - PMS/CMS of Vehicles,TOYOTA AVANZA,2016,TOYOTA,AUV,MEDIUM,Operational,Gasoline
452,26-0105,AIA 8948,Other Client - PMS/CMS of Vehicles,TOYOTA INNOVA,2016,TOYOTA,AUV,MEDIUM,Operational,Diesel
453,26-0105,NCE 6428,Other Client - PMS/CMS of Vehicles,TOYOTA HILUX,2016,TOYOTA,PICK UP,MEDIUM,Operational,Diesel
454,26-0105,NCG 2195,Other Client - PMS/CMS of Vehicles,TOYOTA AVANZA,2016,TOYOTA,AUV,MEDIUM,Operational,Gasoline
455,26-0105,NCE 6490,Other Client - PMS/CMS of Vehicles,TOYOTA INNOVA,2016,TOYOTA,AUV,MEDIUM,Operational,Diesel
456,26-0105,NCG 7164,Other Client - PMS/CMS of Vehicles,TOYOTA INNOVA,2016,TOYOTA,AUV,MEDIUM,Operational,Diesel
457,26-0105,ABE 7686,Other Client - PMS/CMS of Vehicles,TOYOTA AVANZA,2016,TOYOTA,AUV,MEDIUM,Operational,Gasoline
458,26-0105,NCE 8018,Other Client - PMS/CMS of Vehicles,TOYOTA INNOVA,2016,TOYOTA,AUV,MEDIUM,Operational,Diesel
459,26-0105,NCF 3023,Other Client - PMS/CMS of Vehicles,TOYOTA AVANZA,2016,TOYOTA,AUV,MEDIUM,Operational,Gasoline
460,26-0105,NCZ 1847,Other Client - PMS/CMS of Vehicles,TOYOTA AVANZA,2016,TOYOTA,AUV,MEDIUM,Operational,Gasoline
461,26-0105,NCF 2675,Other Client - PMS/CMS of Vehicles,TOYOTA AVANZA,2016,TOYOTA,AUV,MEDIUM,Operational,Gasoline
462,26-0105,NCE 6493,Other Client - PMS/CMS of Vehicles,TOYOTA AVANZA,2016,TOYOTA,AUV,MEDIUM,Operational,Gasoline
463,26-0105,NCG 7163,Other Client - PMS/CMS of Vehicles,TOYOTA INNOVA,2016,TOYOTA,AUV,MEDIUM,Operational,Diesel
464,26-0105,NCD 4877,Other Client - PMS/CMS of Vehicles,TOYOTA INNOVA,2017,TOYOTA,AUV,MEDIUM,Operational,Diesel
465,26-0105,NDX 8608,Other Client - PMS/CMS of Vehicles,TOYOTA AVANZA,2016,TOYOTA,AUV,MEDIUM,Operational,Gasoline
466,26-0105,NDW 9722,Other Client - PMS/CMS of Vehicles,TOYOTA AVANZA,2016,TOYOTA,AUV,MEDIUM,Operational,Gasoline
467,26-0105,NDW 5759,Other Client - PMS/CMS of Vehicles,TOYOTA AVANZA,2016,TOYOTA,AUV,MEDIUM,Operational,Gasoline
468,26-0105,NDW 5758,Other Client - PMS/CMS of Vehicles,TOYOTA AVANZA,2016,TOYOTA,AUV,MEDIUM,Operational,Gasoline
469,26-0105,NDW 5756,Other Client - PMS/CMS of Vehicles,TOYOTA AVANZA,2016,TOYOTA,AUV,MEDIUM,Operational,Gasoline
470,26-0105,NDW 5760,Other Client - PMS/CMS of Vehicles,TOYOTA AVANZA,2016,TOYOTA,AUV,MEDIUM,Operational,Gasoline
471,26-0105,NDW 5757,Other Client - PMS/CMS of Vehicles,TOYOTA AVANZA,2016,TOYOTA,AUV,MEDIUM,Operational,Gasoline
472,26-0105,NFH 5168,Other Client - PMS/CMS of Vehicles,TOYOTA VIOS,2022,TOYOTA,SEDAN,LIGHT,Operational,Gasoline
473,26-0105,AEA 5140,Other Client - PMS/CMS of Vehicles,TOYOTA HI-ACE COMMUTER,2015,TOYOTA,VAN,MEDIUM,Operational,Diesel
474,26-0105,MN 7599,Other Client - PMS/CMS of Vehicles,HYUNDAI STAREX,,HYUNDAI,VAN,MEDIUM,Operational,Diesel
475,26-0105,UQO 154,Other Client - PMS/CMS of Vehicles,TOYOTA FORTUNER,,TOYOTA,SUV,MEDIUM,Operational,Diesel
476,26-0105,NCH 1152,Other Client - PMS/CMS of Vehicles,FORD EVEREST,,FORD,SUV,MEDIUM,Operational,Diesel
477,26-0105,NAG 2934,Other Client - PMS/CMS of Vehicles,FORD EVEREST,,FORD,SUV,MEDIUM,Operational,Diesel
478,26-0105,NAD 9332,Other Client - PMS/CMS of Vehicles,FORD EVEREST,,FORD,SUV,MEDIUM,Operational,Diesel
479,26-0104,NYQ 279,Other Client - PMS/CMS of Vehicles,TOYOTA HILUX,,TOYOTA,PICK UP,MEDIUM,Operational,Diesel
480,26-0105,CBD 1933,Other Client - PMS/CMS of Vehicles,MITSUBISHI CANTER,,FUSO,PICK UP,MEDIUM,Operational,Diesel
481,26-0105,HOC 666,Other Client - PMS/CMS of Vehicles,MITSUBISHI CANTER,,FUSO,PICK UP,MEDIUM,Operational,Diesel
482,26-0105,WHI 907,Other Client - PMS/CMS of Vehicles,TOYOTA FORTUNER,,TOYOTA,SUV,MEDIUM,Operational,Diesel
483,26-0105,NDE 3419,Other Client - PMS/CMS of Vehicles,FORD EVEREST,,FORD,SUV,MEDIUM,Operational,Diesel
484,26-0105,NIL 3671,Other Client - PMS/CMS of Vehicles,TOYOTA HILUX,,TOYOTA,PICK UP,MEDIUM,Operational,Diesel
485,26-0105,CBU 1132,Other Client - PMS/CMS of Vehicles,MITSUBISHI CANTER,,MITSUBISHI,PICK UP,MEDIUM,Operational,Diesel
486,26-0105,NBA 5899,Other Client - PMS/CMS of Vehicles,ISUZU CROSSWIND,2017,ISUZU,SUV,MEDIUM,Operational,Diesel
487,26-0105,NEF 8854,Other Client - PMS/CMS of Vehicles,TOYOTA HI-ACE COMMUTER,,TOYOTA,VAN,MEDIUM,Operational,Diesel
488,26-0105,NDD 7977,Other Client - PMS/CMS of Vehicles,TOYOTA INNOVA,,TOYOTA,AUV,MEDIUM,Operational,Diesel
489,26-0105,UNI 582,Other Client - PMS/CMS of Vehicles,TOYOTA HILUX,,TOYOTA,PICK UP,MEDIUM,Operational,Diesel
490,26-0105,NGT 9095,Other Client - PMS/CMS of Vehicles,TOYOTA HILUX,,TOYOTA,PICK UP,MEDIUM,Operational,Diesel
491,26-0105,NET 7418,Other Client - PMS/CMS of Vehicles,TOYOTA INNOVA,2021,TOYOTA,AUV,MEDIUM,Operational,Diesel
492,26-0105,NET 7423,Other Client - PMS/CMS of Vehicles,TOYOTA INNOVA,2021,TOYOTA,AUV,MEDIUM,Operational,Diesel
493,26-0105,NEF 7803,Other Client - PMS/CMS of Vehicles,TOYOTA HILUX,2021,TOYOTA,PICK UP,MEDIUM,Operational,Diesel
494,26-0105,NFC 1352,Other Client - PMS/CMS of Vehicles,TOYOTA HILUX,2021,TOYOTA,PICK UP,MEDIUM,Operational,Diesel
495,26-0105,NFC 4777,Other Client - PMS/CMS of Vehicles,TOYOTA HILUX,2021,TOYOTA,PICK UP,MEDIUM,Operational,Diesel
496,26-0105,NGT 9091,Other Client - PMS/CMS of Vehicles,TOYOTA HILUX,2021,TOYOTA,PICK UP,MEDIUM,Operational,Diesel
497,26-0105,NET 7421,Other Client - PMS/CMS of Vehicles,TOYOTA INNOVA,2021,TOYOTA,AUV,MEDIUM,Operational,Diesel
498,26-0105,NEO 1061,Other Client - PMS/CMS of Vehicles,SUZUKI CARRY,2022,SUZUKI,AUV,MEDIUM,Operational,Gasoline
499,26-0105,NEL 8161,Other Client - PMS/CMS of Vehicles,SUZUKI APV,2021,SUZUKI,AUV,MEDIUM,Operational,Gasoline
500,26-0105,NDQ 5042,Other Client - PMS/CMS of Vehicles,HONDA BRIO,2019,HONDA,SEDAN,LIGHT,Operational,Gasoline
501,26-0105,NET 7422,Other Client - PMS/CMS of Vehicles,TOYOTA INNOVA,2021,TOYOTA,AUV,MEDIUM,Operational,Diesel
502,26-0105,NEO 1062,Other Client - PMS/CMS of Vehicles,SUZUKI CARRY,2022,SUZUKI,AUV,MEDIUM,Operational,Gasoline
503,26-0105,NGF 7463,Other Client - PMS/CMS of Vehicles,NISSAN ALMERA,2019,NISSAN,SEDAN,LIGHT,Operational,Gasoline
504,26-0105,NGT 9093,Other Client - PMS/CMS of Vehicles,TOYOTA HILUX,2021,TOYOTA,PICK UP,MEDIUM,Operational,Diesel
505,26-0105,NEO 1063,Other Client - PMS/CMS of Vehicles,SUZUKI CARRY,2022,SUZUKI,AUV,MEDIUM,Operational,Gasoline
506,26-0105,NFV 8364,Other Client - PMS/CMS of Vehicles,TOYOTA INNOVA,2020,TOYOTA,AUV,MEDIUM,Operational,Diesel
507,26-0105,NFC 1354,Other Client - PMS/CMS of Vehicles,TOYOTA HILUX,2021,TOYOTA,PICK UP,MEDIUM,Operational,Diesel
508,26-0105,NFC 4774,Other Client - PMS/CMS of Vehicles,TOYOTA HILUX,2021,TOYOTA,PICK UP,MEDIUM,Operational,Diesel
509,26-0105,NEO 1064,Other Client - PMS/CMS of Vehicles,SUZUKI CARRY,2022,SUZUKI,AUV,MEDIUM,Operational,Gasoline
510,26-0105,NFV 8365,Other Client - PMS/CMS of Vehicles,TOYOTA INNOVA,2020,TOYOTA,AUV,MEDIUM,Operational,Diesel
511,26-0105,NET 7415,Other Client - PMS/CMS of Vehicles,TOYOTA INNOVA,2021,TOYOTA,AUV,MEDIUM,Operational,Diesel
512,26-0105,NFC 4775,Other Client - PMS/CMS of Vehicles,TOYOTA HILUX,2021,TOYOTA,PICK UP,MEDIUM,Operational,Diesel
513,26-0105,NEO 1055,Other Client - PMS/CMS of Vehicles,SUZUKI CARRY,2022,SUZUKI,AUV,MEDIUM,Operational,Gasoline
514,26-0105,AHA 5146,Other Client - PMS/CMS of Vehicles,NISSAN SYLPHY,2015,NISSAN,SEDAN,LIGHT,Operational,Gasoline
515,26-0105,NFV 8366,Other Client - PMS/CMS of Vehicles,TOYOTA INNOVA,2020,TOYOTA,AUV,MEDIUM,Operational,Diesel
516,26-0105,NET 7416,Other Client - PMS/CMS of Vehicles,TOYOTA INNOVA,2021,TOYOTA,AUV,MEDIUM,Operational,Diesel
517,26-0105,NFC 4776,Other Client - PMS/CMS of Vehicles,TOYOTA HILUX,2021,TOYOTA,PICK UP,MEDIUM,Operational,Diesel
518,26-0105,NEO 1056,Other Client - PMS/CMS of Vehicles,SUZUKI CARRY,2022,SUZUKI,AUV,MEDIUM,Operational,Gasoline
519,26-0105,NGT 9097,Other Client - PMS/CMS of Vehicles,TOYOTA HILUX,2021,TOYOTA,PICK UP,MEDIUM,Operational,Diesel
520,26-0105,GAV 9246,Other Client - PMS/CMS of Vehicles,SUZUKI CARRY,2022,SUZUKI,AUV,MEDIUM,Operational,Gasoline
521,26-0105,NET 7417,Other Client - PMS/CMS of Vehicles,TOYOTA INNOVA,2021,TOYOTA,AUV,MEDIUM,Operational,Diesel
522,26-0105,NEO 1057,Other Client - PMS/CMS of Vehicles,SUZUKI CARRY,2022,SUZUKI,AUV,MEDIUM,Operational,Gasoline
523,26-0105,NEO 1058,Other Client - PMS/CMS of Vehicles,SUZUKI CARRY,2022,SUZUKI,AUV,MEDIUM,Operational,Gasoline
524,26-0105,NEL 8018,Other Client - PMS/CMS of Vehicles,SUZUKI APV,2021,SUZUKI,AUV,MEDIUM,Operational,Gasoline
525,26-0105,NFV 8559,Other Client - PMS/CMS of Vehicles,TOYOTA INNOVA,2020,TOYOTA,AUV,MEDIUM,Operational,Diesel
526,26-0105,NGT 9089,Other Client - PMS/CMS of Vehicles,TOYOTA HILUX,2021,TOYOTA,PICK UP,MEDIUM,Operational,Diesel
527,26-0105,NET 7419,Other Client - PMS/CMS of Vehicles,TOYOTA INNOVA,2021,TOYOTA,AUV,MEDIUM,Operational,Diesel
528,26-0105,NEO 1059,Other Client - PMS/CMS of Vehicles,SUZUKI CARRY,2022,SUZUKI,AUV,MEDIUM,Operational,Gasoline
529,26-0105,NEL 8159,Other Client - PMS/CMS of Vehicles,SUZUKI APV,2021,SUZUKI,AUV,MEDIUM,Operational,Gasoline
530,26-0105,NEO 1060,Other Client - PMS/CMS of Vehicles,SUZUKI CARRY,2022,SUZUKI,AUV,MEDIUM,Operational,Gasoline
531,26-0105,NIE 1394,Other Client - PMS/CMS of Vehicles,SUZUKI CARRY,2022,SUZUKI,AUV,MEDIUM,Operational,Gasoline
532,26-0105,NIE 2005,Other Client - PMS/CMS of Vehicles,SUZUKI CARRY,2022,SUZUKI,AUV,MEDIUM,Operational,Gasoline
533,26-0105,NIE 2006,Other Client - PMS/CMS of Vehicles,SUZUKI CARRY,2022,SUZUKI,AUV,MEDIUM,Operational,Gasoline
534,26-0105,NDF 7700,Other Client - PMS/CMS of Vehicles,SUZUKI CARRY,2022,SUZUKI,AUV,MEDIUM,Operational,Gasoline
535,26-0105,PCO 581,Other Client - PMS/CMS of Vehicles,CHEVROLET CAPTIVA,2007,CHEVROLET,SUV,MEDIUM,Operational,Diesel
536,1103130101,NQT 664,HR Operations,TOYOTA INNOVA 2.5JDSLM/T,2011,Toyota,,MEDIUM,Operational,Diesel
537,26-0084,NCP 1450,Atimonan One Energy,MITSUBISHI STRADA 2.5GL,2017,Mitsubishi,,MEDIUM,Operational,Diesel
538,26-0084,AEA 7665,Atimonan One Energy,TOYOTA HIACEGRANDIA2.5DSL,2015,Toyota,,MEDIUM,Operational,Diesel
539,26-0107,NDX 8228,Motorpool,TOYOTA AVANZA1.3JGASM/T,2016,Toyota,,LIGHT,Operational,Gasoline
540,1103130101,NCJ 6369,HR Operations,TOYOTA HI ACE GRANDIA,2017,Toyota,,MEDIUM,Operational,Diesel
541,1103130101,WOX 251,HR Operations,TOYOTA VIOS 1.3J M/T GAS,2013,Toyota,,Service Vehicle,Operational,Gasoline
542,1103130101,WHI 695,HR Operations,TOYOTA INNOVA 2.5JDSLM/T,2013,Toyota,,Service Vehicle,Operational,Diesel
543,1103130101,UQR 340,HR Operations,TOYOTA HILUX 2.4J MT,2013,Toyota,,Service Vehicle,Operational,Diesel
544,1103130101,UIJ 324,HR Operations,TOYOTA HILUX 2.4J MT,2012,Toyota,,Service Vehicle,Operational,Diesel
545,1103130101,UHQ 242,HR Operations,TOYOTA AVANZA1.3JGASM/T,2013,Toyota,,Service Vehicle,Operational,Gasoline
546,1103130101,TIJ 307,HR Operations,TOYOTA VIOS 1.3J M/T GAS,2011,Toyota,,Service Vehicle,Operational,Gasoline
547,1103130101,PQW 900,HR Operations,TOYOTA INNOVA 2.5JDSLM/T,2011,Toyota,,Service Vehicle,Operational,Diesel
548,1103130101,POW 452,HR Operations,HYUNDAI GRAND STAREX (7251),2011,Hyundai,,Service Vehicle,Operational,Diesel
549,1103130101,POU 226,HR Operations,TOYOTA VIOS 1.3J M/T GAS,2011,Toyota,,Service Vehicle,Operational,Gasoline
550,1103130101,NRO 120,HR Operations,TOYOTA VIOS 1.3J M/T GAS,2009,Toyota,,Service Vehicle,Non-Operational,Gasoline
551,1103130101,NQL 424,HR Operations,TOYOTA VIOS 1.3J M/T GAS,2010,Toyota,,Service Vehicle,Operational,Gasoline
552,1103130101,NDS 6040,HR Operations,TOYOTA HI ACE GRANDIA,2016,Toyota,,Service Vehicle,Operational,Diesel
553,1103130101,NBW 4167,HR Operations,HYUNDAI GRAND STAREX GLTCI (125)U-MT,2015,Hyundai,,Service Vehicle,Operational,Diesel
554,1103130101,AAZ 4484,HR Operations,HYUNDAI GRAND STAREX GLTCI (125)U-MT,2015,Hyundai,,Service Vehicle,Operational,Diesel
555,1103130101,NDY 3144,HR Operations,TOYOTA INNOVA 2.8 G DSL M/T,2016,Toyota,,Service Vehicle,Operational,Diesel
556,1103130101,NDY 3141,HR Operations,TOYOTA INNOVA 2.8 G DSL M/T,2016,Toyota,,Service Vehicle,Operational,Diesel
557,26-0037,WJH 386,General Maintenance Service for Building & Facilities,MITSUBISHI CANTER PICK-UP,1999,Mitsubishi,,MEDIUM,Non-Operational,Diesel
558,26-0037,1303-062664,General Maintenance Service for Building & Facilities,HONDAWAVE,2017,Hondawave,,LIGHT,Non-Operational,Gasoline
559,26-0037,TIR 684,General Maintenance Service for Building & Facilities,MITSUBISHI L300 FB VAN DSL,2012,Mitsubishi,,MEDIUM,Operational,Diesel
560,26-0037,NWO 763,General Maintenance Service for Building & Facilities,ISUZU TRUCK NHR,2009,Isuzu,,MEDIUM,Operational,Diesel
561,26-0037,NHF 5385,General Maintenance Service for Building & Facilities,SINO TRUCK,2024,Sino,,HEAVY,Operational,Diesel
562,26-0037,CCN 6379,General Maintenance Service for Building & Facilities,ISUZU NRR6 - WHEELER HIGH SIDE DUMP TRUCK,2004,Isuzu,,MEDIUM,Operational,Diesel
563,26-0037,UCX 905,General Maintenance Service for Building & Facilities,NISSAN TADANO,1995,Nissan,,HEAVY,Operational,Diesel
564,26-0037,UPY 831,General Maintenance Service for Building & Facilities,NISSAN TADANO,1997,Nissan,,HEAVY,Operational,Diesel
565,26-0037,NJF 1879,General Maintenance Service for Building & Facilities,TOYOTA HILUX 2.4J MT,2025,Toyota,,MEDIUM,Operational,Diesel
566,26-0037,ZBS 979,General Maintenance Service for Building & Facilities,MITSUBISHI CANTER PICK-UP,2006,Mitsubishi,,MEDIUM,Operational,Diesel
567,26-0037,ZKP 927,General Maintenance Service for Building & Facilities,MITSUBISHI CANTER PICK-UP,2006,Mitsubishi,,MEDIUM,Operational,Diesel
568,1103130101,WIA 129,HR Operations,TOYOTA INNOVA 2.5JDSLM/T,2013,Toyota,,Service Vehicle,Operational,Diesel
569,1103130101,AAX 1248,HR Operations,TOYOTA INNOVA 2.5JDSLM/T,2014,Toyota,,Service Vehicle,Operational,Diesel
570,26-0226,WOM 405,MBI Car Rental,MITSUBISHI L300 FB VAN DSL,2013,Mitsubishi,,MEDIUM,Operational,Diesel
571,26-0226,WIB 295,MBI Car Rental,MITSUBISHI L300 FB VAN DSL,2013,Mitsubishi,,MEDIUM,Operational,Diesel
572,26-0226,UWO 433,MBI Car Rental,MITSUBISHI L300 FB VAN DSL,2013,Mitsubishi,,MEDIUM,Operational,Diesel
573,26-0107,UQT 631,Motorpool,MITSUBISHI L300 FB VAN DSL,2013,Mitsubishi,,MEDIUM,Non-Operational,Diesel
574,26-0226,UQE 774,MBI Car Rental,MITSUBISHI L300 FB VAN DSL,2013,Mitsubishi,,MEDIUM,Operational,Diesel
575,26-0226,UPQ 575,MBI Car Rental,TOYOTA AVANZA1.3JGASM/T,2013,Toyota,,LIGHT,Operational,Gasoline
576,26-0107,UPQ 508,Motorpool,TOYOTA AVANZA1.3JGASM/T,2013,Toyota,,LIGHT,Non-Operational,Gasoline
577,26-0226,UIJ 141,MBI Car Rental,TOYOTA AVANZA1.3JGASM/T,2012,Toyota,,LIGHT,Operational,Gasoline
578,26-0226,TRO 616,MBI Car Rental,MITSUBISHI L300 FB VAN DSL,2011,Mitsubishi,,MEDIUM,Non-Operational,Diesel
579,26-0107,TQJ 968,Motorpool,MITSUBISHI L300 FB VAN DSL,2010,Mitsubishi,,MEDIUM,Non-Operational,Diesel
580,26-0107,TQJ 185,Motorpool,MITSUBISHI L300 FB VAN DSL,2013,Mitsubishi,,MEDIUM,Non-Operational,Diesel
581,26-0226,TQJ 166,MBI Car Rental,MITSUBISHI L300 FB VAN DSL,2012,Mitsubishi,,MEDIUM,Operational,Diesel
582,26-0226,TIA 677,MBI Car Rental,MITSUBISHI L300 FB VAN DSL,2012,Mitsubishi,,MEDIUM,Operational,Diesel
583,26-0226,TIA 266,MBI Car Rental,MITSUBISHI L300 FB VAN DSL,2011,Mitsubishi,,MEDIUM,Operational,Diesel
584,26-0107,POU 502,Motorpool,TOYOTA VIOS 1.3J M/T GAS,2011,Toyota,,LIGHT,Non-Operational,Gasoline
585,26-0226,POU 145,MBI Car Rental,TOYOTA VIOS ,2011,Toyota,,LIGHT,Operational,Gasoline
586,26-0107,NRO 389,Motorpool,TOYOTA VIOS 1.3J M/T GAS,2011,Toyota,,LIGHT,Operational,Gasoline
587,26-0226,NIV 194,MBI Car Rental,MITSUBISHI L300 FB VAN DSL,2011,Mitsubishi,,MEDIUM,Operational,Diesel
588,26-0107,NEI 8051,Motorpool,MAHINDRA SUPRO HSPUR W/ CARRIER,2017,Mahindra,,LIGHT,Non-Operational,Diesel
589,26-0107,NEI 8050,Motorpool,MAHINDRA SUPRO HSPUR W/ CARRIER,2017,Mahindra,,LIGHT,Non-Operational,Diesel
590,26-0107,NCR 4323,Motorpool,MAHINDRA ENFORCER 4X2 HSPUR W/ CARRIER,2016,Mahindra,,MEDIUM,Non-Operational,Diesel
591,26-0107,NCR 4321,Motorpool,MAHINDRA ENFORCER 4X2 HSPUR W/ CARRIER,2016,Mahindra,,MEDIUM,Non-Operational,Diesel
592,26-0107,NCR 4318,Motorpool,MAHINDRA ENFORCER 4X2 HSPUR W/ CARRIER,2016,Mahindra,,MEDIUM,Non-Operational,Diesel
593,26-0107,NCR 4315,Motorpool,MAHINDRA ENFORCER 4X2 HSPUR W/ CARRIER,2016,Mahindra,,MEDIUM,Non-Operational,Diesel
594,26-0107,NCR 4314,Motorpool,MAHINDRA ENFORCER 4X2 HSPUR W/ CARRIER,2016,Mahindra,,MEDIUM,Non-Operational,Diesel
595,26-0226,NAV 8618,MBI Car Rental,SUZUKIAPVCARRIERUV1.6LW/DUALA/CGAS,2017,Suzukiapvcarrieruv,,MEDIUM,Non-Operational,Gasoline
596,26-0107,AAK 2507,Motorpool,TOYOTA AVANZA1.3JGASM/T,2014,Toyota,,LIGHT,Non-Operational,Gasoline
597,26-0107,AAJ 8180,Motorpool,TOYOTA AVANZA1.3JGASM/T,2014,Toyota,,LIGHT,Operational,Gasoline
598,26-0226,NAT 9786,MBI Car Rental,SUZUKI APV 1.6L WITH LADDER CARRIER,2018,Suzuki,,LIGHT,Operational,Gasoline
599,26-0107,UWO 412,Motorpool,MITSUBISHI L300 FB VAN DSL,2013,Mitsubishi,,MEDIUM,Operational,Diesel
600,26-0107,NCR 4316,Motorpool,MAHINDRA ENFORCER 4X2 HSPUR W/ CARRIER,2016,Mahindra,,MEDIUM,Non-Operational,Diesel
601,26-0107,NCR 4319,Motorpool,MAHINDRA ENFORCER 4X2 HSPUR W/ CARRIER,2016,Mahindra,,MEDIUM,Non-Operational,Diesel
602,26-0029,WIA 187,MERALCO - Balintawak Facilities,TOYOTA HILUX 2.4J MT,2013,Toyota,,MEDIUM,Operational,Diesel
603,26-0091,NJE 9565,MERALCO - Car Leasing,Toyota Hiace Commuter 3.0 M/T,2026,Toyota,,MEDIUM,Operational,Diesel
604,26-0091,NJE 9966,MERALCO - Car Leasing,Toyota Hiace Commuter 3.0 M/T,2026,Toyota,,MEDIUM,Operational,Diesel
605,26-0091,NJE 9861,MERALCO - Car Leasing,Toyota Vios  1.3 M/T,2026,Toyota,,LIGHT,Operational,Gasoline
606,26-0091,NJK 6173,MERALCO - Car Leasing,TOYOTA INNOVA 2.8 G DSL M/T,2026,Toyota,,MEDIUM,Operational,Diesel
607,26-0091,NJK 6146,MERALCO - Car Leasing,TOYOTA INNOVA 2.8 G DSL M/T,2026,Toyota,,MEDIUM,Operational,Diesel
608,26-0091,NJK 6140,MERALCO - Car Leasing,TOYOTA INNOVA 2.8 G DSL M/T,2026,Toyota,,MEDIUM,Operational,Diesel
609,26-0091,NJK 6158,MERALCO - Car Leasing,TOYOTA INNOVA 2.8 G DSL M/T,2026,Toyota,,MEDIUM,Operational,Diesel
610,26-0091,NJK 6161,MERALCO - Car Leasing,TOYOTA INNOVA 2.8 G DSL M/T,2026,Toyota,,MEDIUM,Operational,Diesel
611,26-0091,NJK 6159,MERALCO - Car Leasing,TOYOTA INNOVA 2.8 G DSL M/T,2026,Toyota,,MEDIUM,Operational,Diesel
612,26-0091,NJK 6150,MERALCO - Car Leasing,TOYOTA INNOVA 2.8 G DSL M/T,2026,Toyota,,MEDIUM,Operational,Diesel
613,26-0091,NJK 6156,MERALCO - Car Leasing,TOYOTA INNOVA 2.8 G DSL M/T,2026,Toyota,,MEDIUM,Operational,Diesel
614,26-0091,NJK 6163,MERALCO - Car Leasing,TOYOTA INNOVA 2.8 G DSL M/T,2026,Toyota,,MEDIUM,Operational,Diesel
615,26-0091,NJK 6151,MERALCO - Car Leasing,TOYOTA INNOVA 2.8 G DSL M/T,2026,Toyota,,MEDIUM,Operational,Diesel
616,26-0091,NJK 6164,MERALCO - Car Leasing,TOYOTA INNOVA 2.8 G DSL M/T,2026,Toyota,,MEDIUM,Operational,Diesel
617,26-0091,NJK 6147,MERALCO - Car Leasing,TOYOTA INNOVA 2.8 G DSL M/T,2026,Toyota,,MEDIUM,Operational,Diesel
618,26-0091,NJK 6157,MERALCO - Car Leasing,TOYOTA INNOVA 2.8 G DSL M/T,2026,Toyota,,MEDIUM,Operational,Diesel
619,26-0091,NJK 6149,MERALCO - Car Leasing,TOYOTA INNOVA 2.8 G DSL M/T,2026,Toyota,,MEDIUM,Operational,Diesel
620,26-0091,NJK 6153,MERALCO - Car Leasing,TOYOTA INNOVA 2.8 G DSL M/T,2026,Toyota,,MEDIUM,Operational,Diesel
621,26-0091,NJK 6152,MERALCO - Car Leasing,TOYOTA INNOVA 2.8 G DSL M/T,2026,Toyota,,MEDIUM,Operational,Diesel
622,26-0091,NJV 3088,MERALCO - Car Leasing,BYD ATT03DYNAMIC,2026,BYD,,LIGHT,Operational,Electric
623,26-0107,WIA 104,Motorpool,TOYOTA HILUX 2.4J MT,2013,Toyota,,MEDIUM,Operational,Diesel
624,26-0031,NJH 7050,MERALCO - Dasmariñas Facilities,HILUX TAMARAW 2(SUPER WHITE II),2026,Hilux,,LIGHT,Operational,Diesel
625,26-0035,WIM 544,MERALCO - Manila Facilities,TOYOTA HILUX 2.4J MT,2013,Toyota,,MEDIUM,Operational,Diesel
626,26-0044,WQK 462,General Maintenance Service for Building & Facilities,TOYOTA HILUX 2.4J MT,2013,Toyota,,MEDIUM,Operational,Diesel
627,26-0030,NJH 7049,MERALCO - Parañaque Facilities,HILUX TAMARAW 2(SUPER WHITE II),2026,Hilux,,LIGHT,Operational,Diesel
628,26-0027,WIA 103,MERALCO - Plaridel Facilities,TOYOTA HILUX 2.4J MT,2013,Toyota,,MEDIUM,Operational,Diesel
629,26-0034,WZI 847,MERALCO - Rizal Facilities,TOYOTA HILUX 2.4J MT,2013,Toyota,,MEDIUM,Operational,Diesel
630,26-0044,UWQ 686,General Maintenance Service for Building & Facilities,TOYOTA HILUX 2.4J MT,2013,Toyota,,MEDIUM,Operational,Diesel
631,26-0036,NJH 7047,MERALCO - San Joaquin Facilities,HILUX TAMARAW 2(SUPER WHITE II),2026,Hilux,,LIGHT,Operational,Diesel
632,26-0107,WIA 190,Motorpool,TOYOTA HILUX 2.4J MT,2013,Toyota,,MEDIUM,Operational,Diesel
633,26-0033,NJH 7048,MERALCO - San Pablo Facilities,HILUX TAMARAW 2(SUPER WHITE II),2026,Hilux,,LIGHT,Operational,Diesel
634,26-0042,POU 155,MERALCO - Shallow wells w/Pump Maint,TOYOTA VIOS 1.3J M/T GAS,2011,Toyota,,LIGHT,Operational,Gasoline
635,26-0107,NQL 955,Motorpool,TOYOTA VIOS 1.3J M/T GAS,2010,Toyota,,LIGHT,Operational,Gasoline
636,26-0044,UWQ 696,MERALCO - Yard & Control House Maint,TOYOTA HILUX 2.4J MT,2013,Toyota,,MEDIUM,Operational,Diesel
637,26-0032,NJH 7046,MERALCO - Sta. Rosa Facilities,HILUX TAMARAW 2(SUPER WHITE II),2026,Hilux,,LIGHT,Operational,Diesel
638,26-0043,UQT 633,MERALCO - Substation Aircon Maintenance,MITSUBISHI L300 FB VAN DSL,2013,Mitsubishi,,MEDIUM,Operational,Diesel
639,26-0043,UQT 632,MERALCO - Substation Aircon Maintenance,MITSUBISHI L300 FB VAN DSL,2013,Mitsubishi,,MEDIUM,Operational,Diesel
640,26-0043,UQR 237,MERALCO - Substation Aircon Maintenance,TOYOTA HILUX 2.4J MT,2013,Toyota,,MEDIUM,Operational,Diesel
641,26-0043,UHO 581,MERALCO - Substation Aircon Maintenance,TOYOTA HILUX 2.4J MT,2013,Toyota,,MEDIUM,Operational,Diesel
642,26-0043,TQS 690,MERALCO - Substation Aircon Maintenance,TOYOTA HILUX 2.4J MT,2012,Toyota,,MEDIUM,Operational,Diesel
643,26-0107,TQJ 363,Motorpool,MITSUBISHI L300 FB VAN DSL,2012,Mitsubishi,,MEDIUM,Operational,Diesel
644,26-0107,TQJ 302,Motorpool,MITSUBISHI L300 FB VAN DSL,2012,Mitsubishi,,MEDIUM,Non-Operational,Diesel
645,26-0107,TGQ 446,Motorpool,MITSUBISHI L300 FB VAN DSL,2011,Mitsubishi,,MEDIUM,Non-Operational,Diesel
646,26-0107,AAK 4846,Motorpool,MITSUBISHI L300 FB VAN DSL,2013,Mitsubishi,,MEDIUM,Operational,Diesel
647,26-0107,UQO 733,Motorpool,MITSUBISHI L300 FB VAN DSL,2013,Mitsubishi,,MEDIUM,Operational,Diesel
648,26-0044,UIO 357,MERALCO - Yard & Control House Maint,TOYOTA AVANZA1.3JGASM/T,2012,Toyota,,LIGHT,Operational,Gasoline
649,26-0044,TYI 311,MERALCO - Yard & Control House Maint,MITSUBISHI L300 FB VAN DSL,2011,Mitsubishi,,MEDIUM,Non-Operational,Diesel
650,26-0107,TQJ 484,Motorpool,MITSUBISHI L300 FB VAN DSL,2012,Mitsubishi,,MEDIUM,Operational,Diesel
651,26-0107,TQJ 259,Motorpool,MITSUBISHI L300 FB VAN DSL,2012,Mitsubishi,,MEDIUM,Operational,Diesel
652,26-0044,TQI 303,MERALCO - Yard & Control House Maint,MITSUBISHI L300 FB VAN DSL,2011,Mitsubishi,,MEDIUM,Operational,Diesel
653,26-0107,TMQ 715,Motorpool,MITSUBISHI L300 FB VAN DSL,2011,Mitsubishi,,MEDIUM,Operational,Diesel
654,26-0044,FJG 523,MERALCO - Yard & Control House Maint,MITSUBISHI L300 FB VAN DSL,2013,Mitsubishi,,MEDIUM,Operational,Diesel
655,26-0014,NHC 8222,Meralco Balintawak Warehousing Project ,TOYOTA HILUX 2.4J MT,2021,Toyota,,MEDIUM,Operational,Diesel
656,26-0014,ZAR 220,Meralco Balintawak Warehousing Project ,TOYOTA VIOS 1.3 J M/T GAS,2005,Toyota,,LIGHT,Operational,Gasoline
657,26-0012,NHC 8221,Meralco Plaredel Warehousing Project ,TOYOTA HILUX 2.4J MT,2021,Toyota,,MEDIUM,Operational,Diesel
658,26-0010,SP120,MERALCO Batangas Warehousing Project,CATERPILLAR DP50,1998,Caterpillar,,HEAVY,Operational,Diesel
659,26-0007,MLITE0366,MERALCO Cavite Warehousing Project,TOYOTA FORKLIFT3TONNER,2017,Toyota,,HEAVY,Operational,Diesel
660,26-0007,DBJ 6008,MERALCO Cavite Warehousing Project,MITSUBISHI L300 FB VAN DSL,2021,Mitsubishi,,MEDIUM,Operational,Diesel
661,26-0007,FL008,MERALCO Cavite Warehousing Project,MITSUBISHI FD30NT,2015,Mitsubishi,,HEAVY,Operational,Diesel
662,26-0037,UQR 153,General Maintenance Service for Building & Facilities,TOYOTA HILUX 2.4J MT,2013,Toyota,,MEDIUM,Operational,Diesel
663,26-0018,AAI 4249,MERALCO ICT Warehousing Project,TOYOTA HILUX 2.4J MT,2014,Toyota,,MEDIUM,Operational,Diesel
664,26-0005,MLITE0389,MERALCO Kamias Warehousing Project,TOYOTA 8FD50N(5TONS),2017,Toyota,,HEAVY,Operational,Diesel
665,26-0015,TRO 564,MERALCO Kamuning Substation Support Warehousing Project,MITSUBISHI STRADA 2.5GL,2011,Mitsubishi,,MEDIUM,Operational,Diesel
666,26-0015,MLI-TE-0559,MERALCO Kamuning Substation Support Warehousing Project,MITSUBISHI FD50NT,2015,Mitsubishi,,HEAVY,Operational,Diesel
667,26-0001,SJ107,MERALCO Manila Warehousing Project,CATERPILLAR/MITSUBISHI,1993,Caterpillar,,HEAVY,Operational,Diesel
668,26-0107,ML108,Motorpool,CATERPILLAR/MITSUBISHI,1994,Caterpillar,,HEAVY,Non-Operational,Diesel
669,26-0001,MLI0205,MERALCO Manila Warehousing Project,HYUNDAI FORKLIFT,2013,Hyundai,,HEAVY,Operational,Diesel
670,26-0107,HEFL006,Motorpool,MITSUBISHI FD30NT,2015,Mitsubishi,,HEAVY,Non-Operational,Diesel
671,26-0001,DBJ 5936,MERALCO Manila Warehousing Project,MITSUBISHI L300 FB VAN DSL,2021,Mitsubishi,,MEDIUM,Operational,Diesel
672,26-0016,ZKK 739,MERALCO MMO Hauling Services,MITSUBISHI CANTER PICK-UP,2005,Mitsubishi,,MEDIUM,Operational,Diesel
673,26-0107,TMV 265,Motorpool,NISSAN STAKE TRUCK W/ HIAB,1994,Nissan,,HEAVY,Non-Operational,Diesel
674,26-0016,ZLD 408,MERALCO MMO Hauling Services,MITSUBISHI CANTER PICK-UP,2005,Mitsubishi,,MEDIUM,Operational,Diesel
675,26-0167,FL004,Meralco North Metering Services & Security Encoding Services,KOMATSUFORKLIFT,2014,Komatsuforklift,,HEAVY,Operational,Diesel
676,26-0107,MLI0534,Motorpool,HONDAWAVE110SPOKEBLACK,2017,Hondawave,,LIGHT,Operational,Gasoline
677,26-0016,ZKK 710,MERALCO Parañaque Warehousing Project,MITSUBISHI CANTER PICK-UP,2005,Mitsubishi,,MEDIUM,Operational,Diesel
678,26-0006,MLITE0367,MERALCO Parañaque Warehousing Project,TOYOTA DIESEL(5TONS),2016,Toyota,,HEAVY,Operational,Diesel
679,26-0006,DBJ 5933,MERALCO Parañaque Warehousing Project,MITSUBISHI L300 FB VAN DSL,2021,Mitsubishi,,MEDIUM,Operational,Diesel
680,26-0003,MLITE0390,MERALCO Pasig Warehousing Project,TOYOTA 8FD50N(5TONS),2017,Toyota,,HEAVY,Operational,Diesel
681,26-0003,MLITE0365,MERALCO Pasig Warehousing Project,TOYOTA DIESEL(3TONS),2016,Toyota,,HEAVY,Operational,Diesel
682,26-0001,MLITE0364,MERALCO Manila Warehousing Project,TOYOTA DIESEL(5TONS),2016,Toyota,,HEAVY,Operational,Diesel
683,26-0003,MLI0328,MERALCO Pasig Warehousing Project,CATERPILLAR (DP50NT),2015,Caterpillar,,HEAVY,Operational,Diesel
684,26-0003,DBJ 6009,MERALCO Pasig Warehousing Project,MITSUBISHI L300 FB VAN DSL,2021,Mitsubishi,,MEDIUM,Operational,Diesel
685,26-0002,MLITE0326,MERALCO Rizal Warehousing Project,CATERPILLAR (DP50NT),2015,Caterpillar,,HEAVY,Operational,Diesel
686,26-0002,FL007,MERALCO Rizal Warehousing Project,MITSUBISHI FD30NT,2015,Mitsubishi,,HEAVY,Operational,Diesel
687,26-0002,DBJ 6011,MERALCO Rizal Warehousing Project,MITSUBISHI L300 FB VAN DSL,2021,Mitsubishi,,MEDIUM,Operational,Diesel
688,26-0008,ZBZ 919,MERALCO San Pablo Warehousing Project,MITSUBISHI CANTER PICK-UP,2006,Mitsubishi,,MEDIUM,Operational,Diesel
689,26-0167,ULL 312,Meralco North Metering Services & Security Encoding Services,MITSUBISHI STAKE TRUCK/HIAB,1996,Mitsubishi,,HEAVY,Operational,Diesel
690,26-0008,DBJ 6010,MERALCO San Pablo Warehousing Project,MITSUBISHI L300 FB VAN DSL,2021,Mitsubishi,,MEDIUM,Operational,Diesel
691,26-0009,SR026,MERALCO Sta Rosa Warehousing Project,HYUNDAI FORKLIFT,2013,Hyundai,,HEAVY,Non-Operational,Diesel
692,26-0009,MLITE0410,MERALCO Sta Rosa Warehousing Project,TOYOTA 8FD50N(5TONS),2017,Toyota,,HEAVY,Operational,Diesel
693,26-0107,FJF 607,Motorpool,MITSUBISHI STRADA 2.5GL,2013,Mitsubishi,,MEDIUM,Non-Operational,Diesel
694,26-0009,DBJ 5926,MERALCO Sta Rosa Warehousing Project,MITSUBISHI L300 FB VAN DSL,2021,Mitsubishi,,MEDIUM,Operational,Diesel
695,26-0107,UJF 201,Motorpool,HINO STAKE TRUCK,1996,Hino,,HEAVY,Non-Operational,Diesel
696,26-0013,NHC 8220,Meralco Valenzuela Warehousing Project ,TOYOTA HILUX 2.4J MT,2021,Toyota,,MEDIUM,Operational,Diesel
697,26-0094,NCV 7032,M-GEN Global Business Power,TOYOTA FORTUNER 4X2 G DSL A/T,2018,Toyota,,LIGHT,Operational,Diesel
698,26-0226,WIC 602,MBI Car Rental,MITSUBISHI STRADA 2.5GL,2013,Mitsubishi,,MEDIUM,Operational,Diesel
699,26-0226,TMQ 857,MBI Car Rental,MITSUBISHI L300 FB VAN DSL,2011,Mitsubishi,,MEDIUM,Operational,Diesel
700,26-0226,TEI 969,MBI Car Rental,MITSUBISHI L300 FB VAN DSL,2011,Mitsubishi,,MEDIUM,Operational,Diesel
701,26-0101,NDY 5021,MIESCOR - Car Rental,TOYOTA HILUX 2.4J MT,2016,Toyota,,MEDIUM,Operational,Diesel
702,26-0037,NDR 7569,General Maintenance Service for Building & Facilities,TOYOTA HILUX 2.4J MT,2016,Toyota,,MEDIUM,Operational,Diesel
703,26-0101,NCP 1826,MIESCOR - Car Rental,TOYOTA HILUX 2.4J MT,2017,Toyota,,MEDIUM,Operational,Diesel
704,26-0226,AEA 5256,MBI Car Rental,TOYOTA HILUX 2.4J MT,2014,Toyota,,MEDIUM,Operational,Diesel
705,26-0100,AAZ 2282,MIESCOR - DUS Transpo,MITSUBISHI STRADA 2.5GL,2014,Mitsubishi,,MEDIUM,Operational,Diesel
706,26-0107,AAJ 5618,Motorpool,MITSUBISHI STRADA 2.5GL,2014,Mitsubishi,,MEDIUM,Operational,Diesel
707,26-0100,ZNX 364,MIESCOR - DUS Transpo,TOYOTA HILUX 2.4J MT,2008,Toyota,,MEDIUM,Operational,Diesel
708,26-0100,ZNN 735,MIESCOR - DUS Transpo,MITSUBISHI L300 FB VAN DSL,2003,Mitsubishi,,MEDIUM,Non-Operational,Diesel
709,26-0100,ZLE 307,MIESCOR - DUS Transpo,MITSUBISHI L300 FB VAN DSL,2007,Mitsubishi,,MEDIUM,Operational,Diesel
710,26-0100,XHS 422,MIESCOR - DUS Transpo,MITSUBISHI L300 FB VAN DSL,2003,Mitsubishi,,MEDIUM,Non-Operational,Diesel
711,26-0100,WOX 322,MIESCOR - DUS Transpo,TOYOTA VIOS 1.3J GAS M/T,2013,Toyota,,LIGHT,Operational,Gasoline
712,26-0100,WOX 321,MIESCOR - DUS Transpo,TOYOTA VIOS 1.3J GAS MT,2013,Toyota,,LIGHT,Operational,Gasoline
713,26-0100,WOX 301,MIESCOR - DUS Transpo,TOYOTA VIOS 1.3J M/T GAS,2013,Toyota,,LIGHT,Operational,Gasoline
714,26-0107,WOM 302,Motorpool,MITSUBISHI L300 FB VAN DSL,2013,Mitsubishi,,MEDIUM,Non-Operational,Diesel
715,26-0100,WOB 301,MIESCOR - DUS Transpo,TOYOTA VIOS 1.3J M/T GAS,2013,Toyota,,LIGHT,Operational,Gasoline
716,26-0107,WIB 294,Motorpool,MITSUBISHI STRADA 2.5GL,2014,Mitsubishi,,MEDIUM,Operational,Diesel
717,26-0100,WHQ 456,MIESCOR - DUS Transpo,TOYOTA INNOVA 2.5 J DSL M/T,2013,Toyota,,MEDIUM,Operational,Diesel
718,26-0100,NDV 8947,MIESCOR - DUS Transpo,TOYOTA VIOS 1.3J M/T,2016,Toyota,,LIGHT,Operational,Gasoline
719,26-0100,NDV 8946,MIESCOR - DUS Transpo,TOYOTA VIOS 1.3J M/T,2016,Toyota,,LIGHT,Operational,Gasoline
720,26-0100,NDY 3146,MIESCOR - DUS Transpo,TOYOTA VIOS 1.3J M/T,2016,Toyota,,LIGHT,Operational,Gasoline
721,26-0100,NDY 3143,MIESCOR - DUS Transpo,TOYOTA INNOVA 2.8 G DSL M/T,2016,Toyota,,MEDIUM,Operational,Diesel
722,26-0100,UWO 421,MIESCOR - DUS Transpo,MITSUBISHI L300 FB VAN DSL,2013,Mitsubishi,,MEDIUM,Operational,Diesel
723,26-0100,NDY 3147,MIESCOR - DUS Transpo,TOYOTA VIOS 1.3J M/T,2016,Toyota,,LIGHT,Operational,Gasoline
724,26-0100,NDY 3148,MIESCOR - DUS Transpo,TOYOTA VIOS 1.3J M/T,2016,Toyota,,LIGHT,Operational,Gasoline
725,26-0100,UIB 520,MIESCOR - DUS Transpo,TOYOTA HILUX 2.4J MT,2016,Toyota,,MEDIUM,Operational,Diesel
726,26-0100,NDY 3149,MIESCOR - DUS Transpo,TOYOTA VIOS 1.3J M/T,2016,Toyota,,LIGHT,Operational,Gasoline
727,26-0100,UGO 841,MIESCOR - DUS Transpo,TOYOTA INNOVA 2.5 J DSL M/T,2013,Toyota,,MEDIUM,Operational,Diesel
728,26-0100,UEO 621,MIESCOR - DUS Transpo,TOYOTA VIOS 1.3J GAS MT,2013,Toyota,,LIGHT,Operational,Gasoline
729,26-0100,UEO 169,MIESCOR - DUS Transpo,MITSUBISHI L300 FB VAN DSL,2013,Mitsubishi,,LIGHT,Non-Operational,Diesel
730,26-0107,UDI 795,Motorpool,TOYOTA AVANZA1.3JGASM/T,2013,Toyota,,LIGHT,Non-Operational,Gasoline
731,26-0100,UBO 972,MIESCOR - DUS Transpo,MITSUBISHI L300 FB VAN DSL,2013,Mitsubishi,,MEDIUM,Non-Operational,Diesel
732,26-0100,TYI 787,MIESCOR - DUS Transpo,MITSUBISHI L300 FB VAN DSL,2011,Mitsubishi,,MEDIUM,Non-Operational,Diesel
733,26-0100,TWI 804,MIESCOR - DUS Transpo,TOYOTA VIOS 1.3 J M/T GAS,2011,Toyota,,LIGHT,Operational,Gasoline
734,26-0100,TWI 598,MIESCOR - DUS Transpo,TOYOTA VIOS1.3JM/TGAS,2011,Toyota,,LIGHT,Operational,Gasoline
735,26-0107,TRO 464,Motorpool,MITSUBISHI L300 FB VAN DSL,2011,Mitsubishi,,MEDIUM,Non-Operational,Diesel
736,26-0100,TQJ 595,MIESCOR - DUS Transpo,MITSUBISHI L300 FB VAN DSL,2012,Mitsubishi,,MEDIUM,Operational,Diesel
737,26-0100,TQJ 447,MIESCOR - DUS Transpo,MITSUBISHI L300 FB VAN DSL,2012,Mitsubishi,,MEDIUM,Operational,Diesel
738,26-0100,TQJ 292,MIESCOR - DUS Transpo,MITSUBISHI L300 FB VAN DSL,2012,Mitsubishi,,MEDIUM,Operational,Diesel
739,26-0100,TPQ 426,MIESCOR - DUS Transpo,TOYOTA INNOVA 2.5J DSL M/T ,2011,Toyota,,MEDIUM,Operational,Diesel
740,26-0100,TOT 609,MIESCOR - DUS Transpo,MITSUBISHI STRADA 2.5GL,2012,Mitsubishi,,MEDIUM,Operational,Diesel
741,26-0100,TOQ 236,MIESCOR - DUS Transpo,TOYOYA HI ACE GRANDIA,2011,Toyoya,,MEDIUM,Operational,Diesel
742,26-0107,TMQ 756,Motorpool,MITSUBISHI L300 FB VAN DSL,2003,Mitsubishi,,MEDIUM,Non-Operational,Diesel
743,26-0100,TIJ 257,MIESCOR - DUS Transpo,TOYOTA INNOVA 2.5J DSL M/T ,2011,Toyota,,MEDIUM,Operational,Diesel
744,26-0100,PRI 652,MIESCOR - DUS Transpo,TOYOTA INNOVA 2.5JDSLM/T,2010,Toyota,,MEDIUM,Operational,Diesel
745,26-0100,PRI 342,MIESCOR - DUS Transpo,TOYOTA INNOVA 2.8 J DSL M/T,2010,Toyota,,MEDIUM,Operational,Diesel
746,26-0100,PQY 945,MIESCOR - DUS Transpo,TOYOTA VIOS 1.3 J M/T GAS,2011,Toyota,,LIGHT,Operational,Gasoline
747,26-0100,PQY 668,MIESCOR - DUS Transpo,TOYOTA VIOS1.3JM/TGAS,2011,Toyota,,LIGHT,Operational,Gasoline
748,26-0100,PQY 209,MIESCOR - DUS Transpo,TOYOTA VIOS1.3JGASMT,2011,Toyota,,LIGHT,Operational,Gasoline
749,26-0107,PQY 119,Motorpool,TOYOTA VIOS 1.3 J M/T GAS,2011,Toyota,,LIGHT,Non-Operational,Gasoline
750,26-0100,NDY 3142,MIESCOR - DUS Transpo,TOYOTA INNOVA 2.8 G DSL M/T,2016,Toyota,,MEDIUM,Operational,Diesel
751,26-0100,NDY 3145,MIESCOR - DUS Transpo,TOYOTA VIOS 1.3J M/T,2016,Toyota,,LIGHT,Operational,Gasoline
752,26-0100,POP 857,MIESCOR - DUS Transpo,TOYOTA VIOS 1.3 J M/T GAS,2011,Toyota,,LIGHT,Operational,Gasoline
753,26-0100,PII 486,MIESCOR - DUS Transpo,TOYOTA INNOVA 2.5J DSL M/T ,2010,Toyota,,MEDIUM,Operational,Diesel
754,26-0100,NDR 5283,MIESCOR - DUS Transpo,TOYOTA INNOVA 2.8 G DSL M/T,2016,Toyota,,MEDIUM,Operational,Diesel
755,26-0100,NQT 245,MIESCOR - DUS Transpo,TOYOTA INNOVA 2.5J DSL M/T ,2011,Toyota,,MEDIUM,Operational,Diesel
756,26-0100,NQL 895,MIESCOR - DUS Transpo,TOYOTA VIOS 1.3J GAS M/T,2011,Toyota,,LIGHT,Operational,Gasoline
757,26-0100,NDR 5282,MIESCOR - DUS Transpo,TOYOTA VIOS 1.3J M/T,2016,Toyota,,LIGHT,Operational,Gasoline
758,26-0100,NQL 117,MIESCOR - DUS Transpo,TOYOTA VIOS 1.3J M/T GAS,2010,Toyota,,LIGHT,Operational,Gasoline
759,26-0100,NHA 1007,MIESCOR - DUS Transpo,MITSUBISHI L300 FB VAN DSL,2021,Mitsubishi,,MEDIUM,Operational,Diesel
760,26-0100,NFO 594,MIESCOR - DUS Transpo,TOYOTA INNOVA 2.5J DSL M/T ,2009,Toyota,,MEDIUM,Operational,Diesel
761,26-0100,NFO 554,MIESCOR - DUS Transpo,TOYOTA INNOVA 2.5J DSL M/T ,2009,Toyota,,MEDIUM,Operational,Diesel
762,26-0100,NDZ 7946,MIESCOR - DUS Transpo,MITSUBISHI L300 FB VAN DSL,2021,Mitsubishi,,MEDIUM,Operational,Diesel
763,26-0100,NDZ 7945,MIESCOR - DUS Transpo,MITSUBISHI L300 FB VAN DSL,2021,Mitsubishi,,MEDIUM,Operational,Diesel
764,26-0100,NDZ 7944,MIESCOR - DUS Transpo,MITSUBISHI L300 FB VAN DSL,2021,Mitsubishi,,MEDIUM,Operational,Diesel
765,26-0100,NDZ 7943,MIESCOR - DUS Transpo,MITSUBISHI L300 FB VAN DSL,2021,Mitsubishi,,MEDIUM,Operational,Diesel
766,26-0100,NDZ 7942,MIESCOR - DUS Transpo,MITSUBISHI L300 FB VAN DSL,2021,Mitsubishi,,MEDIUM,Operational,Diesel
767,26-0100,NDZ 7941,MIESCOR - DUS Transpo,MITSUBISHI L300 FB VAN DSL,2021,Mitsubishi,,MEDIUM,Operational,Diesel
768,26-0100,NDZ 7940,MIESCOR - DUS Transpo,MITSUBISHI L300 FB VAN DSL,2021,Mitsubishi,,MEDIUM,Operational,Diesel
769,26-0100,NDZ 7939,MIESCOR - DUS Transpo,MITSUBISHI L300 FB VAN DSL,2021,Mitsubishi,,MEDIUM,Operational,Diesel
770,26-0100,NDZ 7938,MIESCOR - DUS Transpo,MITSUBISHI L300 FB VAN DSL,2021,Mitsubishi,,MEDIUM,Operational,Diesel
771,26-0100,NDY 3170,MIESCOR - DUS Transpo,TOYOTA VIOS 1.3J GAS M/T-AV,2016,Toyota,,LIGHT,Operational,Gasoline
772,26-0100,NDV 9692,MIESCOR - DUS Transpo,TOYOTA VIOS 1.3J GAS M/T - AV,2016,Toyota,,LIGHT,Non-Operational,Gasoline
773,26-0100,NDR 5285,MIESCOR - DUS Transpo,TOYOTA VIOS 1.3J M/T,2016,Toyota,,LIGHT,Operational,Gasoline
774,26-0100,NDQ 9941,MIESCOR - DUS Transpo,TOYOTA VIOS 1.3J GAS M/T-AV,2016,Toyota,,LIGHT,Operational,Gasoline
775,26-0100,NDG 6192,MIESCOR - DUS Transpo,TOYOTA INNOVA 2.8 J DSL M/T,2017,Toyota,,MEDIUM,Operational,Diesel
776,26-0100,NDF 7109,MIESCOR - DUS Transpo,TOYOTA HILUX 2.4J MT,2016,Toyota,,MEDIUM,Operational,Diesel
777,26-0100,NDF 7108,MIESCOR - DUS Transpo,TOYOTA INNOVA 2.5J DSL M/T ,2016,Toyota,,MEDIUM,Operational,Diesel
778,26-0100,NDF 7107,MIESCOR - DUS Transpo,TOYOTA INNOVA 2.5J DSL M/T ,2016,Toyota,,MEDIUM,Operational,Diesel
779,26-0100,NDC 5114,MIESCOR - DUS Transpo,TOYOTA HILUX 2.4J MT,2016,Toyota,,MEDIUM,Operational,Diesel
780,26-0100,NDC 5112,MIESCOR - DUS Transpo,TOYOTA HILUX 2.4J MT,2016,Toyota,,MEDIUM,Operational,Diesel
781,26-0100,NCQ 3939,MIESCOR - DUS Transpo,TOYOTA INNOVA 2.8 G DSL M/T,2018,Toyota,,MEDIUM,Operational,Diesel
782,26-0100,NCQ 3937,MIESCOR - DUS Transpo,TOYOTA INNOVA 2.8 G DSL M/T,2018,Toyota,,MEDIUM,Operational,Diesel
783,26-0100,NCP 9162,MIESCOR - DUS Transpo,TOYOTA INNOVA 2.8 G DSL M/T,2018,Toyota,,MEDIUM,Operational,Diesel
784,26-0100,NCP 9161,MIESCOR - DUS Transpo,TOYOTA HILUX 2.4J MT,2018,Toyota,,MEDIUM,Operational,Diesel
785,26-0100,NCP 9155,MIESCOR - DUS Transpo,TOYOTA INNOVA 2.8 G DSL M/T,2018,Toyota,,MEDIUM,Operational,Diesel
786,26-0100,NCP 7721,MIESCOR - DUS Transpo,TOYOTA INNOVA 2.8 G DSL M/T,2017,Toyota,,MEDIUM,Operational,Diesel
787,26-0100,NCP 7718,MIESCOR - DUS Transpo,TOYOTA HILUX 2.4J MT,2017,Toyota,,MEDIUM,Operational,Diesel
788,26-0100,NCP 7716,MIESCOR - DUS Transpo,TOYOTA INNOVA 2.8 G DSL M/T,2017,Toyota,,MEDIUM,Operational,Diesel
789,26-0100,NCP 7715,MIESCOR - DUS Transpo,TOYOTA INNOVA 2.8 G DSL M/T,2017,Toyota,,MEDIUM,Operational,Diesel
790,26-0100,NCP 1829,MIESCOR - DUS Transpo,TOYOTA HILUX 2.4J MT,2017,Toyota,,MEDIUM,Operational,Diesel
791,26-0100,NCP 1827,MIESCOR - DUS Transpo,TOYOTA HILUX 2.4J MT,2017,Toyota,,MEDIUM,Operational,Diesel
792,26-0100,NCP 1825,MIESCOR - DUS Transpo,TOYOTA HILUX 2.4J MT,2017,Toyota,,MEDIUM,Operational,Diesel
793,26-0100,NCP 1665,MIESCOR - DUS Transpo,TOYOTA VIOS 1.3 J M/T GAS,2017,Toyota,,LIGHT,Operational,Gasoline
794,26-0100,NCP 1663,MIESCOR - DUS Transpo,TOYOTA VIOS 1.3 J M/T GAS,2017,Toyota,,LIGHT,Operational,Gasoline
795,26-0100,NCP 1661,MIESCOR - DUS Transpo,TOYOTA VIOS 1.3 J M/T GAS,2017,Toyota,,LIGHT,Operational,Gasoline
796,26-0107,NCP 1657,Motorpool,TOYOTA VIOS 1.3 J M/T GAS,2017,Toyota,,LIGHT,Operational,Gasoline
797,26-0100,NCP 1655,MIESCOR - DUS Transpo,TOYOTA VIOS 1.3 J M/T GAS,2017,Toyota,,LIGHT,Operational,Gasoline
798,26-0107,NCP 1652,Motorpool,TOYOTA VIOS 1.3J M/T GAS,2017,Toyota,,LIGHT,Non-Operational,Gasoline
799,26-0100,NCP 1650,MIESCOR - DUS Transpo,TOYOTA VIOS 1.3 J M/T GAS,2017,Toyota,,LIGHT,Operational,Gasoline
800,26-0100,NCP 1647,MIESCOR - DUS Transpo,TOYOTA VIOS 1.3 J M/T GAS,2017,Toyota,,LIGHT,Operational,Gasoline
801,26-0100,NCP 1642,MIESCOR - DUS Transpo,TOYOTA VIOS 1.3 J M/T GAS,2017,Toyota,,LIGHT,Operational,Gasoline
802,26-0100,NCO 2914,MIESCOR - DUS Transpo,TOYOTA VIOS 1.3J GAS MT,2013,Toyota,,LIGHT,Operational,Gasoline
803,26-0100,NCO 2912,MIESCOR - DUS Transpo,TOYOTA VIOS 1.3 J M/T GAS,2017,Toyota,,LIGHT,Operational,Gasoline
804,26-0100,NCO 2906,MIESCOR - DUS Transpo,TOYOTA VIOS 1.3 J M/T GAS,2017,Toyota,,LIGHT,Operational,Gasoline
805,26-0100,NCO 2905,MIESCOR - DUS Transpo,TOYOTA VIOS 1.3 J M/T GAS,2017,Toyota,,LIGHT,Operational,Gasoline
806,26-0100,NCO 2904,MIESCOR - DUS Transpo,TOYOTA VIOS 1.3 J M/T GAS,2017,Toyota,,LIGHT,Operational,Gasoline
807,26-0100,NCO 2903,MIESCOR - DUS Transpo,TOYOTA VIOS 1.3 J M/T GAS,2017,Toyota,,LIGHT,Operational,Gasoline
808,26-0100,NCO 2902,MIESCOR - DUS Transpo,TOYOTA VIOS 1.3 J M/T GAS,2017,Toyota,,LIGHT,Operational,Gasoline
809,26-0100,NCN 8463,MIESCOR - DUS Transpo,TOYOTA VIOS 1.3 J M/T GAS,2017,Toyota,,LIGHT,Operational,Gasoline
810,26-0100,NCN 6201,MIESCOR - DUS Transpo,TOYOTA VIOS 1.3 J M/T GAS,2017,Toyota,,LIGHT,Operational,Gasoline
811,26-0100,NCN 4689,MIESCOR - DUS Transpo,TOYOTA VIOS 1.3 J M/T GAS,2017,Toyota,,LIGHT,Operational,Gasoline
812,26-0107,NCN 2712,Motorpool,TOYOTA VIOS 1.3J M/T GAS,2017,Toyota,,LIGHT,Operational,Gasoline
813,26-0100,NCN 2472,MIESCOR - DUS Transpo,TOYOTA VIOS 1.3 J M/T GAS,2017,Toyota,,LIGHT,Operational,Gasoline
814,26-0100,NCN 2470,MIESCOR - DUS Transpo,TOYOTA VIOS 1.3 J M/T GAS,2017,Toyota,,LIGHT,Operational,Gasoline
815,26-0107,NCR 4317,Motorpool,MAHINDRA ENFORCER 4X2 HSPUR W/ CARRIER,2016,Mahindra,,MEDIUM,Non-Operational,Diesel
816,26-0100,NCJ 4939,MIESCOR - DUS Transpo,TOYOTA INNOVA 2.8 G DSL M/T,2016,Toyota,,MEDIUM,Operational,Diesel
817,26-0100,NCJ 4938,MIESCOR - DUS Transpo,TOYOTA INNOVA 2.8 G DSL M/T,2016,Toyota,,MEDIUM,Operational,Diesel
818,26-0100,NCJ 4937,MIESCOR - DUS Transpo,TOYOTA INNOVA 2.8 G DSL M/T,2016,Toyota,,MEDIUM,Operational,Diesel
819,26-0100,NCG 7056,MIESCOR - DUS Transpo,TOYOTA HILUX 2.4J MT,2016,Toyota,,MEDIUM,Operational,Diesel
820,26-0100,NCE 9354,MIESCOR - DUS Transpo,TOYOTA INNOVA 2.8 G DSL M/T,2016,Toyota,,MEDIUM,Operational,Diesel
821,26-0100,NCE 5590,MIESCOR - DUS Transpo,TOYOTA VIOS 1.3J GAS M/T - AV,2016,Toyota,,LIGHT,Operational,Gasoline
822,26-0100,NCE 2207,MIESCOR - DUS Transpo,TOYOTA VIOS 1.3J GAS M/T - AV,2016,Toyota,,LIGHT,Operational,Gasoline
823,26-0107,NCE 2206,Motorpool,TOYOTA VIOS 1.3J GAS M/T - AV,2016,Toyota,,LIGHT,Non-Operational,Gasoline
824,26-0107,NCR 4313,Motorpool,MAHINDRA ENFORCER 4X2HSPUR W/ CARRIER,2016,Mahindra,,MEDIUM,Non-Operational,Diesel
825,26-0100,NCL 1786,MIESCOR - DUS Transpo,MAHINDRA ENFORCER 4X2 HSPUR W/ CARRIER,2016,Mahindra,,MEDIUM,Operational,Diesel
826,26-0100,NCL 1784,MIESCOR - DUS Transpo,MAHINDRA ENFORCER 4X2 HSPUR W/ CARRIER,2016,Mahindra,,MEDIUM,Operational,Diesel
827,26-0107,NCL 1783,Motorpool,MAHINDRA ENFORCER 4X2 HSPUR W/ CARRIER,2016,Mahindra,,MEDIUM,Non-Operational,Diesel
828,26-0100,NCL 1782,MIESCOR - DUS Transpo,MAHINDRA ENFORCER 4X2 HSPUR W/ CARRIER,2016,Mahindra,,MEDIUM,Operational,Diesel
829,26-0107,NCL 1780,Motorpool,MAHINDRA ENFORCER 4X2 HSPUR W/ CARRIER,2016,Mahindra,,MEDIUM,Non-Operational,Diesel
830,26-0100,NCL 1779,MIESCOR - DUS Transpo,MAHINDRA ENFORCER 4X2 HSPUR W/ CARRIER,2016,Mahindra,,MEDIUM,Operational,Diesel
831,26-0107,NCL 1776,Motorpool,MAHINDRA ENFORCER 4X2 HSPUR W/ CARRIER,2016,Mahindra,,MEDIUM,Non-Operational,Diesel
832,26-0107,NCL 1775,Motorpool,MAHINDRA ENFORCER 4X2 HSPUR W/ CARRIER,2016,Mahindra,,MEDIUM,Non-Operational,Diesel
833,26-0100,NCC 7658,MIESCOR - DUS Transpo,MAHINDRA ENFORCER 4X2 HSPUR W/ CARRIER,2016,Mahindra,,MEDIUM,Operational,Diesel
834,26-0100,NCC 7657,MIESCOR - DUS Transpo,MAHINDRA ENFORCER 4X2 HSPUR W/ CARRIER,2016,Mahindra,,MEDIUM,Operational,Diesel
835,26-0107,NCC 7653,Motorpool,MAHINDRA ENFORCER 4X2 HSPUR W/ CARRIER ,2016,Mahindra,,MEDIUM,Non-Operational,Diesel
836,26-0100,NBW 6282,MIESCOR - DUS Transpo,TOYOTA VIOS 1.3J GAS M/T-AV,2015,Toyota,,LIGHT,Operational,Gasoline
837,26-0100,NBW 6271,MIESCOR - DUS Transpo,TOYOTA VIOS 1.3J GAS M/T-AV,2015,Toyota,,LIGHT,Operational,Gasoline
838,26-0100,NDR 5284,MIESCOR - DUS Transpo,TOYOTA VIOS 1.3J M/T,2016,Toyota,,LIGHT,Operational,Gasoline
839,26-0100,NBV 7691,MIESCOR - DUS Transpo,TOYOTA VIOS 1.3J GAS M/T-AV,2015,Toyota,,LIGHT,Operational,Gasoline
840,26-0100,NBV 7688,MIESCOR - DUS Transpo,TOYOTA VIOS 1.3J GAS M/T-AV,2015,Toyota,,LIGHT,Operational,Gasoline
841,26-0100,NAV 8623,MIESCOR - DUS Transpo,SUZUKIAPVCARRIERUV1.6LW/DUALA/CGAS,2017,Suzukiapvcarrieruv,,MEDIUM,Operational,Gasoline
842,26-0100,NAV 8622,MIESCOR - DUS Transpo,SUZUKI APV 1.6L WITH LADDER CARRIER,2017,Suzuki,,MEDIUM,Operational,Gasoline
843,26-0100,NAV 8621,MIESCOR - DUS Transpo,SUZUKIAPVCARRIERUV1.6LW/DUALA/CGAS,2017,Suzukiapvcarrieruv,,MEDIUM,Operational,Gasoline
844,26-0100,NAV 8620,MIESCOR - DUS Transpo,SUZUKI APV 1.6L WITH LADDER CARRIER,2017,Suzuki,,MEDIUM,Operational,Gasoline
845,26-0107,NAV 8617,Motorpool,SUZUKI APV 1.6L WITH LADDER CARRIER,2017,Suzuki,,MEDIUM,Non-Operational,Gasoline
846,26-0226,NAV 8616,MBI Car Rental,SUZUKI APV 1.6L WITH LADDER CARRIER,2017,Suzuki,,MEDIUM,Operational,Gasoline
847,26-0100,NAV 8614,MIESCOR - DUS Transpo,SUZUKI APV 1.6L WITH LADDER CARRIER,2017,Suzuki,,MEDIUM,Operational,Gasoline
848,26-0100,NAV 8613,MIESCOR - DUS Transpo,SUZUKIAPVCARRIERUV1.6LW/DUALA/CGAS,2017,Suzukiapvcarrieruv,,MEDIUM,Operational,Gasoline
849,26-0107,NAT 9783,Motorpool,SUZUKI APV 1.6L WITH LADDER CARRIER,2017,Suzuki,,MEDIUM,Non-Operational,Gasoline
850,26-0100,NAT 9782,MIESCOR - DUS Transpo,SUZUKI APV 1.6L WITH LADDER CARRIER,2017,Suzuki,,MEDIUM,Operational,Gasoline
851,26-0100,FJG 522,MIESCOR - DUS Transpo,MITSUBISHI L300 FB VAN DSL,2013,Mitsubishi,,MEDIUM,Operational,Diesel
852,26-0100,FJD 287,MIESCOR - DUS Transpo,MITSUBISHI L300 FB VAN DSL,2013,Mitsubishi,,MEDIUM,Operational,Diesel
853,26-0107,NCA 9964,Motorpool,MAHINDRA ENFORCER 4X2 HSPUR W/ CARRIER,2016,Mahindra,,MEDIUM,Non-Operational,Diesel
854,26-0107,NCA 9963,Motorpool,MAHINDRA ENFORCER 4X2 HSPUR W/ CARRIER,2016,Mahindra,,MEDIUM,Non-Operational,Diesel
855,26-0107,NCA 9960,Motorpool,MAHINDRA ENFORCER 4X2 HSPUR W/ CARRIER,2016,Mahindra,,MEDIUM,Non-Operational,Diesel
856,26-0100,NCA 9959,MIESCOR - DUS Transpo,MAHINDRA ENFORCER 4X2 HSPUR W/ CARRIER,2016,Mahindra,,MEDIUM,Operational,Diesel
857,26-0107,NCA 9957,Motorpool,MAHINDRA ENFORCER 4X2 HSPUR W/ CARRIER,2016,Mahindra,,MEDIUM,Non-Operational,Diesel
858,26-0107,NCA 9955,Motorpool,MAHINDRA ENFORCER 4X2 HSPUR W/ CARRIER,2016,Mahindra,,MEDIUM,Non-Operational,Diesel
859,26-0100,NCA 9954,MIESCOR - DUS Transpo,MAHINDRA ENFORCER 4X2 HSPUR W/ CARRIER,2016,Mahindra,,MEDIUM,Operational,Diesel
860,26-0100,NCA 9953,MIESCOR - DUS Transpo,MAHINDRA ENFORCER 4X2 HSPUR W/ CARRIER,2016,Mahindra,,MEDIUM,Operational,Diesel
861,26-0100,NCA 9952,MIESCOR - DUS Transpo,MAHINDRA ENFORCER 4X2HSPUR W/ CARRIER,2016,Mahindra,,MEDIUM,Operational,Diesel
862,26-0107,NCA 4387,Motorpool,MAHINDRA ENFORCER 4X2 HSPUR W/ CARRIER,2016,Mahindra,,MEDIUM,Non-Operational,Diesel
863,26-0100,NCA 4386,MIESCOR - DUS Transpo,MAHINDRA ENFORCER 4X2 HSPUR W/ CARRIER,2016,Mahindra,,MEDIUM,Operational,Diesel
864,26-0107,NCA 4385,Motorpool,MAHINDRA ENFORCER 4X2 HSPUR W/ CARRIER,2016,Mahindra,,MEDIUM,Non-Operational,Diesel
865,26-0100,NCA 4384,MIESCOR - DUS Transpo,MAHINDRA ENFORCER 4X2 HSPUR W/ CARRIER,2016,Mahindra,,MEDIUM,Operational,Diesel
866,26-0107,NCA 4382,Motorpool,MAHINDRA ENFORCER 4X2 HSPUR W/ CARRIER,2016,Mahindra,,MEDIUM,Non-Operational,Diesel
867,26-0100,ARA 3552,MIESCOR - DUS Transpo,TOYOTA HILUX 2.4J MT,2015,Toyota,,MEDIUM,Operational,Diesel
868,26-0100,ABO 3462,MIESCOR - DUS Transpo,TOYOTA INNOVA 2.5J DSL M/T ,2015,Toyota,,MEDIUM,Operational,Diesel
869,26-0100,ABO 3461,MIESCOR - DUS Transpo,TOYOTA INNOVA 2.5J DSL M/T ,2015,Toyota,,MEDIUM,Operational,Diesel
870,26-0100,ABH 8950,MIESCOR - DUS Transpo,TOYOTA VIOS 1.3J GAS M/T-AV,2015,Toyota,,LIGHT,Operational,Gasoline
871,26-0100,ABH 8948,MIESCOR - DUS Transpo,TOYOTA VIOS 1.3J GAS M/T-AV,2015,Toyota,,LIGHT,Operational,Gasoline
872,26-0100,ABH 8947,MIESCOR - DUS Transpo,TOYOTA VIOS 1.3JM/TGAS,2015,Toyota,,LIGHT,Operational,Gasoline
873,26-0100,ABH 8946,MIESCOR - DUS Transpo,TOYOTA VIOS 1.3J GAS M/T-AV,2015,Toyota,,LIGHT,Operational,Gasoline
874,26-0100,ABH 6153,MIESCOR - DUS Transpo,TOYOTA VIOS 1.3J GAS M/T-AV,2015,Toyota,,LIGHT,Operational,Gasoline
875,26-0100,NDR 5280,MIESCOR - DUS Transpo,TOYOTA VIOS 1.3J M/T,2016,Toyota,,LIGHT,Operational,Gasoline
876,26-0100,AAX 1276,MIESCOR - DUS Transpo,TOYOTA INNOVA 2.5J DSL M/T ,2014,Toyota,,MEDIUM,Operational,Diesel
877,26-0100,NDR 5281,MIESCOR - DUS Transpo,TOYOTA INNOVA 2.8 G DSL M/T,2016,Toyota,,MEDIUM,Operational,Diesel
878,26-0100,AAM 6751,MIESCOR - DUS Transpo,TOYOTA VIOS 1.3J M/T GAS,2014,Toyota,,LIGHT,Operational,Gasoline
879,26-0100,AAM 6719,MIESCOR - DUS Transpo,TOYOTA VIOS 1.3J M/T GAS,2014,Toyota,,LIGHT,Operational,Gasoline
880,26-0100,AAM 6627,MIESCOR - DUS Transpo,TOYOTA VIOS 1.3J M/T GAS,2014,Toyota,,LIGHT,Operational,Gasoline
881,26-0100,AAK 4835,MIESCOR - DUS Transpo,MITSUBISHI STRADA 2.5GL,2014,Mitsubishi,,MEDIUM,Operational,Diesel
882,26-0226,AAK 2506,MBI Car Rental,TOYOTA AVANZA1.3JGASM/T,2013,Toyota,,LIGHT,Operational,Gasoline
883,26-0100,AAI 4252,MIESCOR - DUS Transpo,TOYOTA INNOVA 2.5JDSLM/T,2014,Toyota,,MEDIUM,Operational,Diesel
884,26-0100,UGQ 830,MIESCOR - DUS Transpo,TOYOTA AVANZA1.3JGASM/T,2013,Toyota,,LIGHT,Operational,Gasoline
885,26-0100,NAT 9785,MIESCOR - DUS Transpo,SUZUKI APV 1.6L WITH LADDER CARRIER,2017,Suzuki,,LIGHT,Operational,Gasoline
886,26-0107,WOM 304,Motorpool,MITSUBISHI L300 FB VAN DSL,2013,Mitsubishi,,MEDIUM,Non-Operational,Diesel
887,26-0100,FJD 275,MIESCOR - DUS Transpo,MITSUBISHI L300 FB VAN DSL,2013,Mitsubishi,,MEDIUM,Non-Operational,Diesel
888,26-0107,NAV 8619,Motorpool,SUZUKIAPVCARRIERUV1.6LW/DUALA/CGAS,2017,Suzukiapvcarrieruv,,MEDIUM,Non-Operational,Gasoline
889,26-0100,TQJ 131,MIESCOR - DUS Transpo,MITSUBISHI L300 FB VAN DSL,2013,Mitsubishi,,MEDIUM,Operational,Diesel
890,26-0100,AAK 2508,MIESCOR - DUS Transpo,TOYOTA AVANZA1.3JGASM/T,2013,Toyota,,LIGHT,Operational,Gasoline
891,26-0100,WIC 604,MIESCOR - DUS Transpo,MITSUBISHI STRADA 2.5GL,2008,Mitsubishi,,MEDIUM,Operational,Diesel
892,26-0100,AAK 2504,MIESCOR - DUS Transpo,TOYOTA AVANZA1.3JGASM/T,2013,Toyota,,LIGHT,Operational,Gasoline
893,26-0100,AAK 2505,MIESCOR - DUS Transpo,TOYOTA AVANZA1.3JGASM/T,2014,Toyota,,LIGHT,Operational,Gasoline
894,26-0037,TQI 650,General Maintenance Service for Building & Facilities,MITSUBISHI L300 FB VAN DSL,2011,Mitsubishi,,MEDIUM,Operational,Diesel
895,26-0028,UWQ 706,MERALCO - Valenzuela Facilities,TOYOTA HILUX 2.4J MT,2013,Toyota,,MEDIUM,Operational,Diesel
896,26-0107,ZRE 354,Motorpool,FORD RANGER TREKKER 4X2M/T,2008,Ford,,MEDIUM,Operational,Diesel
897,26-0100,ZNN 185,Motorpool,MITSUBISHI STRADA 2.5GL,2008,Mitsubishi,,MEDIUM,Operational,Diesel
898,26-0107,ZHY 495,Motorpool,MITSUBISHI L300 FB VAN DSL,2013,Mitsubishi,,MEDIUM,Non-Operational,Diesel
899,26-0107,ZBS 752,Motorpool,MITSUBISHI CANTER PICK-UP,2005,Mitsubishi,,MEDIUM,Non-Operational,Diesel
900,26-0226,NDX 1476,MBI Car Rental,TOYOTA HILUX 2.4J MT,2016,Toyota,,MEDIUM,Operational,Diesel
901,26-0107,WZI 473,Motorpool,TOYOTA AVANZA1.3JGASM/T,2013,Toyota,,LIGHT,Non-Operational,Gasoline
902,26-0226,WXI 163,MBI Car Rental,MITSUBISHI STRADA 2.5GL,2013,Mitsubishi,,MEDIUM,Operational,Diesel
903,26-0100,WOM 309,Miescor Dus-Transpo,MITSUBISHI L300 FB VAN DSL,2013,Mitsubishi,,MEDIUM,Operational,Diesel
904,26-0107,WIA 889,Motorpool,MITSUBISHI STRADA 2.5GL,2013,Mitsubishi,,MEDIUM,Non-Operational,Diesel
905,26-0107,VFP 445,Motorpool,TOYOTA AVANZA1.3JGASM/T,2013,Toyota,,LIGHT,Operational,Gasoline
906,26-0107,AIA 3086,Motorpool,TOYOTA HILUX 2.4J MT,2014,Toyota,,MEDIUM,Operational,Diesel
907,26-0107,UX-4773,Motorpool,HONDAWAVE,2012,Hondawave,,LIGHT,Non-Operational,Gasoline
908,26-0107,UWQ 676,Motorpool,TOYOTA HILUX 2.4J MT,2013,Toyota,,MEDIUM,Operational,Diesel
909,26-0226,UWQ 584,MBI Car Rental,TOYOTA AVANZA1.3JGASM/T,2013,Toyota,,LIGHT,Operational,Gasoline
910,26-0226,UQM 299,MBI Car Rental,TOYOTA VIOS 1.3J MT,2013,Toyota,,LIGHT,Operational,Gasoline
911,26-0107,UIO 335,Motorpool,TOYOTA AVANZA1.3JGASM/T,2012,Toyota,,LIGHT,Non-Operational,Gasoline
912,26-0107,UIO 194,Motorpool,TOYOTA AVANZA1.3JGASM/T,2012,Toyota,,LIGHT,Non-Operational,Gasoline
913,26-0107,UHQ 232,Motorpool,TOYOTA AVANZA1.3JGASM/T,2013,Toyota,,LIGHT,Non-Operational,Gasoline
914,26-0107,UDI 760,Motorpool,TOYOTA AVANZA1.3JGASM/T,2012,Toyota,,LIGHT,Non-Operational,Gasoline
915,26-0226,TRO 708,Motorpool,MITSUBISHI L300 FB VAN DSL,2011,Mitsubishi,,MEDIUM,Operational,Diesel
916,26-0107,TQJ 281,Motorpool,MITSUBISHI L300 FB VAN DSL,2012,Mitsubishi,,MEDIUM,Non-Operational,Diesel
917,26-0107,TQI 252,Motorpool,MITSUBISHI L300 FB VAN DSL,2011,Mitsubishi,,MEDIUM,Operational,Diesel
918,26-0107,TNV 668,Motorpool,FUSO STAKE TRUCK W/ HIAB FK-415DSL,1994,Fuso,,HEAVY,Non-Operational,Diesel
919,26-0107,NBE 7875,Motorpool,TATA MANZA INI 1.4L MT,2016,Tata,,LIGHT,Operational,Gasoline
920,1103030101,PQY 390,Logistics Services,TOYOTA VIOS 1.3J M/T GAS,2011,Toyota,,LIGHT,Operational,Gasoline
921,26-0107,PNZ 499,Motorpool,HINO STAKETRUCK FB-113DSL,1989,Hino,,HEAVY,Non-Operational,Diesel
922,26-0107,PNR 166,Motorpool,FUSO STAKE TRUCK FK415,1990,Fuso,,HEAVY,Non-Operational,Diesel
923,26-0107,PMN 975,Motorpool,HINO STAKE TRUCK FB-113,1989,Hino,,HEAVY,Non-Operational,Diesel
924,26-0107,OZ 2155,Motorpool,HONDAWAVE100MOTORCYCLE,2006,Hondawave,,LIGHT,Non-Operational,Gasoline
925,26-0100,NCW 1959,Miescor Dus-Transpo,TOYOTA HILUX 2.4J MT,2018,Toyota,,MEDIUM,Operational,Diesel
926,26-0107,NCW 1958,Motorpool,TOYOTA HILUX 2.4J MT,2018,Toyota,,MEDIUM,Operational,Diesel
927,26-0226,NCV 9110,MBI Car Rental,TOYOTA HILUX 2.4J MT,2018,Toyota,,MEDIUM,Operational,Diesel
928,26-0100,NCV 7524,Miescor Dus-Transpo,TOYOTA HILUX 2.4J MT,2018,Toyota,,MEDIUM,Operational,Diesel
929,26-0100,NCV 7523,Miescor Dus-Transpo,TOYOTA HILUX 2.4J MT,2018,Toyota,,MEDIUM,Operational,Diesel
930,26-0100,NCQ 8985,Miescor Dus-Transpo,TOYOTA HILUX 2.4J MT,2018,Toyota,,MEDIUM,Operational,Diesel
931,26-0100,NCQ 3936,Miescor Dus-Transpo,TOYOTA HILUX 2.4J MT,2018,Toyota,,MEDIUM,Operational,Diesel
932,26-0107,NCR 4320,Motorpool,MAHINDRA ENFORCER 4X2 HSPUR W/ CARRIER,2016,Mahindra,,MEDIUM,Non-Operational,Diesel
933,26-0107,NCF 4987,Motorpool,TOYOTA HILUX 2.4J MT,2016,Toyota,,MEDIUM,Operational,Diesel
934,26-0107,NCE 5606,Motorpool,TOYOTA AVANZA1.3JGASM/T,2016,Toyota,,LIGHT,Operational,Gasoline
935,26-0107,NCL 1781,Motorpool,MAHINDRA ENFORCER 4X2 HSPUR W/ CARRIER,2016,Mahindra,,MEDIUM,Non-Operational,Diesel
936,26-0107,NCC 7655,Motorpool,Mahindra Enforcer 4x2 HSPUR w/ Carrier,2017,Mahindra,,LIGHT,Non-Operational,Diesel
937,26-0107,NCC 7654,Motorpool,MAHINDRA ENFORCER 4X2 HSPUR W/ CARRIER,2016,Mahindra,,MEDIUM,Non-Operational,Diesel
938,26-0107,NCB 9032,Motorpool,MAHINDRA SUPRO MT CLOSED VAN W/ CARRIER DSL,2017,Mahindra,,LIGHT,Non-Operational,Diesel
939,26-0107,NCB 9031,Motorpool,MAHINDRA SUPRO MT CLOSED VAN W/ CARRIER DSL,2017,Mahindra,,LIGHT,Non-Operational,Diesel
940,26-0107,NCB 9029,Motorpool,MAHINDRA SUPRO MT CLOSED VAN W/ CARRIER DSL,2017,Mahindra,,LIGHT,Non-Operational,Diesel
941,26-0107,NCB 9028,Motorpool,MAHINDRA SUPRO MT CLOSED VAN W/ CARRIER DSL,2017,Mahindra,,LIGHT,Non-Operational,Diesel
942,26-0107,NCB 9027,Motorpool,MAHINDRA SUPRO MAXI TRUCK CL W/ CARRIER DSL,2017,Mahindra,,LIGHT,Non-Operational,Diesel
943,26-0107,NCB 9021,Motorpool,MAHINDRA SUPRO MT CLOSED VAN W/ CARRIER DSL,2017,Mahindra,,LIGHT,Non-Operational,Diesel
944,26-0107,NCB 9020,Motorpool,MAHINDRA SUPRO MT CLOSED VAN W/ CARRIER DSL,2017,Mahindra,,LIGHT,Non-Operational,Diesel
945,26-0107,NCB 9018,Motorpool,MAHINDRA SUPRO MT CLOSED VAN W/ CARRIER DSL,2017,Mahindra,,LIGHT,Non-Operational,Diesel
946,26-0107,NCB 9016,Motorpool,MAHINDRA SUPRO MT CLOSED VAN W/ CARRIER DSL,2017,Mahindra,,LIGHT,Non-Operational,Diesel
947,26-0107,NCB 9002,Motorpool,MAHINDRA SUPRO MAXI TRUCK CL W/ CARRIER DSL,2017,Mahindra,,LIGHT,Non-Operational,Diesel
948,26-0107,NCB 8999,Motorpool,MAHINDRA SUPRO MT CLOSED VAN W/ CARRIER DSL,2017,Mahindra,,LIGHT,Non-Operational,Diesel
949,26-0107,NCB 8998,Motorpool,MAHINDRA SUPRO MT CLOSED VAN W/ CARRIER DSL,2017,Mahindra,,LIGHT,Non-Operational,Diesel
950,26-0107,NCB 8709,Motorpool,MAHINDRA SUPRO MAXI TRUCK CL W/ CARRIER DSL,2017,Mahindra,,LIGHT,Non-Operational,Diesel
951,26-0107,NCB 8707,Motorpool,MAHINDRA SUPRO MT CLOSED VAN W/ CARRIER DSL,2017,Mahindra,,LIGHT,Non-Operational,Diesel
952,26-0107,NCB 8704,Motorpool,MAHINDRA SUPRO MT CLOSED VAN W/ CARRIER DSL,2017,Mahindra,,LIGHT,Non-Operational,Diesel
953,26-0107,NCB 8702,Motorpool,MAHINDRA SUPRO MT CLOSED VAN W/ CARRIER DSL,2017,Mahindra,,LIGHT,Non-Operational,Diesel
954,26-0107,NCB 1917,Motorpool,MAHINDRA SUPRO MT CLOSED VAN W/ CARRIER DSL,2017,Mahindra,,LIGHT,Non-Operational,Diesel
955,26-0107,NCB 1916,Motorpool,MAHINDRA SUPRO MT CLOSED VAN W/ CARRIER DSL,2017,Mahindra,,LIGHT,Non-Operational,Diesel
956,26-0107,NCB 1915,Motorpool,MAHINDRA SUPRO MT CLOSED VAN W/ CARRIER DSL,2017,Mahindra,,LIGHT,Non-Operational,Diesel
957,26-0107,NCB 1913,Motorpool,MAHINDRA SUPRO MT CLOSED VAN W/ CARRIER DSL,2017,Mahindra,,LIGHT,Non-Operational,Diesel
958,26-0107,NCB 1910,Motorpool,MAHINDRA SUPRO MT CLOSED VAN W/ CARRIER DSL,2017,Mahindra,,LIGHT,Non-Operational,Diesel
959,26-0107,NCB 1904,Motorpool,MAHINDRA SUPRO MT CLOSED VAN W/ CARRIER DSL,2017,Mahindra,,LIGHT,Non-Operational,Diesel
960,26-0107,NCB 1901,Motorpool,MAHINDRA SUPRO MT CLOSED VAN W/ CARRIER DSL,2017,Mahindra,,LIGHT,Non-Operational,Diesel
961,26-0107,NCB 1894,Motorpool,MAHINDRA SUPRO MT CLOSED VAN W/ CARRIER DSL,2017,Mahindra,,LIGHT,Non-Operational,Diesel
962,26-0107,NCB 1889,Motorpool,MAHINDRA SUPRO MT CLOSED VAN W/ CARRIER DSL,2017,Mahindra,,LIGHT,Non-Operational,Diesel
963,26-0107,NCB 1887,Motorpool,MAHINDRA SUPRO MT CLOSED VAN W/ CARRIER DSL,2017,Mahindra,,LIGHT,Non-Operational,Diesel
964,26-0107,NCB 1886,Motorpool,MAHINDRA SUPRO MT CLOSED VAN W/ CARRIER DSL,2017,Mahindra,,LIGHT,Non-Operational,Diesel
965,26-0107,NCB 1686,Motorpool,MAHINDRA SUPRO MT CLOSED VAN W/ CARRIER DSL,2017,Mahindra,,LIGHT,Non-Operational,Diesel
966,26-0107,NCB 1684,Motorpool,MAHINDRA SUPRO MT CLOSED VAN W/ CARRIER DSL,2017,Mahindra,,LIGHT,Non-Operational,Diesel
967,26-0107,NCB 1683,Motorpool,MAHINDRA SUPRO MT CLOSED VAN W/ CARRIER DSL,2017,Mahindra,,LIGHT,Non-Operational,Diesel
968,26-0107,NCB 1681,Motorpool,MAHINDRA SUPRO MT CLOSED VAN W/ CARRIER DSL,2017,Mahindra,,LIGHT,Non-Operational,Diesel
969,26-0107,NCB 1680,Motorpool,MAHINDRA SUPRO MT CLOSED VAN W/ CARRIER DSL,2017,Mahindra,,LIGHT,Non-Operational,Diesel
970,26-0107,NCB 1678,Motorpool,MAHINDRA SUPRO MT CLOSED VAN W/ CARRIER DSL,2017,Mahindra,,LIGHT,Non-Operational,Diesel
971,26-0107,NCB 1677,Motorpool,MAHINDRA SUPRO MT CLOSED VAN W/ CARRIER DSL,2017,Mahindra,,LIGHT,Non-Operational,Diesel
972,26-0100,NBV 7689,Miescor Dus-Transpo,TOYOTA VIOS 1.3J M/T GAS,2015,Toyota,,LIGHT,Operational,Gasoline
973,26-0107,NAV 8615,Motorpool,SUZUKIAPVCARRIERUV1.6LW/DUALA/CGAS,2017,Suzukiapvcarrieruv,,MEDIUM,Non-Operational,Gasoline
974,26-0107,FJD 266,Motorpool,MITSUBISHI L300 FB VAN DSL,2013,Mitsubishi,,MEDIUM,Non-Operational,Diesel
975,26-0107,NCA 9961,Motorpool,MAHINDRA ENFORCER 4X2 HSPUR W/ CARRIER,2016,Mahindra,,MEDIUM,Non-Operational,Diesel
976,26-0107,AAP 1772,Motorpool,MITSUBISHI STRADA 2.5GL,2014,Mitsubishi,,MEDIUM,Non-Operational,Diesel
977,26-0107,NOJ 849,Motorpool,TOYOTA INNOVA 2.5J DSL M/T ,2010,Toyota,,MEDIUM,Operational,Diesel
978,26-0107,NAT 9784,Motorpool,SUZUKI APV 1.6L WITH LADDER CARRIER,2017,Suzuki,,LIGHT,Non-Operational,Gasoline
979,26-0107,PVI 683,Motorpool,TOYOTA VIOS ,2011,Toyota,,LIGHT,Operational,Gasoline
980,26-0107,NCA 4383,Motorpool,MAHINDRA ENFORCER 4X2 HSPUR W/ CARRIER,2016,Mahindra,,MEDIUM,Non-Operational,Diesel
981,26-0107,TKE 976,Motorpool,"HINO / WRECKER, FB 113",1993,Hino,,HEAVY,Operational,Diesel
982,26-0107,UQM 393,Motorpool,TOYOTA VIOS1.3JM/TGAS,2011,Toyota,,LIGHT,Operational,Gasoline
983,26-0107,ZBR 301,Motorpool,MITSUBISHI CANTER PICK-UP,2007,Mitsubishi,,MEDIUM,Non-Operational,Diesel
984,26-0100,PQY 647,Miescor Dus-Transpo,TOYOTA VIOS 1.3J M/T GAS,2013,Toyota,,LIGHT,Operational,Gasoline
985,26-0100,NOY 607,Miescor Dus-Transpo,TOYOTA INNOVA 2.5 J DSL M/T,2013,Toyota,,MEDIUM,Operational,Diesel
986,26-0107,NCB 9012,Motorpool,MAHINDRA SUPRO MT CLOSED VAN W/ CARRIER DSL,2017,Mahindra,,LIGHT,Non-Operational,Diesel
987,26-0107,NCB 1675,Motorpool,MAHINDRA SUPRO MT CLOSED VAN W/ CARRIER DSL,2017,Mahindra,,LIGHT,Non-Operational,Diesel
988,26-0100,NDV 8950,Miescor Dus-Transpo,TOYOTA HILUX 2.4J MT,2016,Toyota,,MEDIUM,Operational,Diesel
989,26-0107,NCB 1895,Motorpool,MAHINDRA SUPRO MAXI TRUCK CL W/ CARRIER DSL,2017,Mahindra,,LIGHT,Non-Operational,Diesel
990,26-0107,NCB 9024,Motorpool,MAHINDRA SUPRO MAXI TRUCK CL W/ CARRIER DSL,2017,Mahindra,,LIGHT,Non-Operational,Diesel
991,26-0107,AAK 2684,Motorpool,TOYOTA AVANZA1.3JGASM/T,2014,Toyota,,LIGHT,Non-Operational,Gasoline
992,26-0093,UQM 927,MOVEM,TOYOTA VIOS 1.3J M/T GAS,2013,Toyota,,LIGHT,Operational,Gasoline
993,26-0093,TWI 412,MOVEM,TOYOTA VIOS 1.3 J M/T GAS,2011,Toyota,,LIGHT,Operational,Gasoline
994,26-0102,NHG 7064,MPIONEER - Car Rental,TOYOTA INNOVA 2.8 G DSL A/T,2023,Toyota,,MEDIUM,Operational,Diesel
995,26-0037,ZCB 484,General Maintenance Service for Building & Facilities,MITSUBISHI CANTER PICK-UP,2006,Mitsubishi,,MEDIUM,Operational,Diesel
996,26-0025,ZNJ 472,SCG-Roll Handling Services ,TOYOTA HILUX 2.4J MT,2008,Toyota,,MEDIUM,Operational,Diesel
997,26-0025,U7,SCG-Roll Handling Services ,MITSUBISHI (4.5TONS),2014,Mitsubishi,,HEAVY,Operational,Diesel
998,26-0025,U6,SCG-Roll Handling Services ,MITSUBISHI (3.5TONS),2019,Mitsubishi,,HEAVY,Operational,Diesel
999,26-0025,U5,SCG-Roll Handling Services ,NISSAN (4.5TONS),2014,Nissan,,HEAVY,Operational,Diesel
1000,26-0025,U2,SCG-Roll Handling Services ,NISSAN (3.5TONS),2014,Nissan,,HEAVY,Operational,Diesel
1001,26-0025,U1,SCG-Roll Handling Services ,NISSAN (3.5TONS),2014,Nissan,,HEAVY,Operational,Diesel
1002,1103030101,POU 193,Logistics Services,TOYOTA VIOS 1.3J M/T GAS,2011,Toyota,,LIGHT,Operational,Gasoline
1003,26-0025,U8,SCG-Roll Handling Services ,NISSAN (3.5TONS),2014,Nissan,,HEAVY,Operational,Diesel
1004,26-0025,U9,SCG-Roll Handling Services ,NISSAN (3.5TONS),2014,Nissan,,HEAVY,Operational,Diesel
1005,26-0025,U10,SCG-Roll Handling Services ,NISSAN (3.5TONS),2014,Nissan,,HEAVY,Operational,Diesel
1006,26-0025,U11,SCG-Roll Handling Services ,NISSAN (3.5TONS),2024,Nissan,,HEAVY,Operational,Diesel
1007,26-0096,NHU 3939,"Terra Solar Philippines,Inc.",TOYOTA HILUX 2.4J MT,2025,Toyota,,MEDIUM,Operational,Diesel
1008,26-0096,NHU 3884,"Terra Solar Philippines,Inc.",TOYOTA HILUX 2.4J MT,2025,Toyota,,MEDIUM,Operational,Diesel
1009,26-0096,NHU 3941,"Terra Solar Philippines,Inc.",TOYOTA HILUX 2.4J MT,2025,Toyota,,MEDIUM,Operational,Diesel
1010,26-0096,NHU 3840,"Terra Solar Philippines,Inc.",TOYOTA HILUX 2.4J MT,2025,Toyota,,MEDIUM,Operational,Diesel
1011,26-0096,NHU 3930,"Terra Solar Philippines,Inc.",TOYOTA HILUX 2.4J MT,2025,Toyota,,MEDIUM,Operational,Diesel
1012,26-0096,NHU 3938,"Terra Solar Philippines,Inc.",TOYOTA HILUX 2.4J MT,2025,Toyota,,MEDIUM,Operational,Diesel
1013,26-0096,DCA 2153,"Terra Solar Philippines,Inc.",NISSAN NAVARA PUCK UP 4X4,2025,Nissan,,MEDIUM,Operational,Diesel
1014,26-0096,DCA 2143,"Terra Solar Philippines,Inc.",NISSAN NAVARA PUCK UP 4X4,2025,Nissan,,MEDIUM,Operational,Diesel
1015,26-0096,DCA 2150,"Terra Solar Philippines,Inc.",NISSAN NAVARA PUCK UP 4X4,2025,Nissan,,MEDIUM,Operational,Diesel
1016,26-0096,DCA 2149,"Terra Solar Philippines,Inc.",NISSAN NAVARA PUCK UP 4X4,2025,Nissan,,MEDIUM,Operational,Diesel
1017,26-0096,DCA 2146,"Terra Solar Philippines,Inc.",NISSAN NAVARA PUCK UP 4X4,2025,Nissan,,MEDIUM,Operational,Diesel
1018,26-0096,DCA 2144,"Terra Solar Philippines,Inc.",NISSAN NAVARA PUCK UP 4X4,2025,Nissan,,MEDIUM,Operational,Diesel
1019,26-0096,DCA 2142,"Terra Solar Philippines,Inc.",NISSAN NAVARA PUCK UP 4X4,2025,Nissan,,MEDIUM,Operational,Diesel
1020,26-0096,DCA 2147,"Terra Solar Philippines,Inc.",NISSAN NAVARA PUCK UP 4X4,2025,Nissan,,MEDIUM,Operational,Diesel
1021,26-0096,DCA 2148,"Terra Solar Philippines,Inc.",NISSAN NAVARA PUCK UP 4X4,2025,Nissan,,MEDIUM,Operational,Diesel
1022,26-0096,DCA 2152,"Terra Solar Philippines,Inc.",NISSAN NAVARA PUCK UP 4X4,2025,Nissan,,MEDIUM,Operational,Diesel
1023,26-0096,DCA 2151,"Terra Solar Philippines,Inc.",NISSAN NAVARA PUCK UP 4X4,2025,Nissan,,MEDIUM,Operational,Diesel
1024,26-0103,Z5V011,Texicon Agri Ventures Corporation - Vehicle Agreement,TOYOTA HILUX 2.4J MT,2021,Toyota,,MEDIUM,Operational,Diesel
1025,26-0101,NGN 2834,Miescor Car Rental,TOYOTA HILUX 2.4J MT,2021,Toyota,,MEDIUM,Operational,Diesel
1026,26-0226,NGN 2831,MBI Car Rental,TOYOTA HILUX 2.4J MT,2021,Toyota,,MEDIUM,Operational,Diesel
